"Numero"	"Localisation"	"cate_fonc"	"cate_typo"	"Description"	"nb_elem"	"Date "	"Provenance"	"Commentaire"	"English_transcrit "	"no_invent"
1	"Luna 2"	"Véhicule spatial"	"Impacteur"	"Sonde d'impact Ye-1"	"Indéterminé"	"14/09/1959"	"URSS"			
2	"Ranger 4"	"Véhicule spatial"	"Impacteur"	"Sonde d'impact Ranger Block II"	"Indéterminé"	"26/04/1962"	"USA"	"Echec de trajectoire."		
3	"Ranger 6"	"Véhicule spatial"	"Impacteur"	"Sonde d'impact Ranger Block III"	"Indéterminé"	"02/02/1964"	"USA"			
4	"Ranger 7"	"Véhicule spatial"	"Impacteur"	"Sonde d'impact Ranger Block III"	"Indéterminé"	"31/07/1964"	"USA"			
5	"Ranger 8"	"Véhicule spatial"	"Impacteur"	"Sonde d'impact Ranger Block III"	"Indéterminé"	"20/02/1965"	"USA"			
6	"Ranger 9"	"Véhicule spatial"	"Impacteur"	"Sonde d'impact Ranger Block III"	"Indéterminé"	"24/03/1965"	"USA"			
7	"Luna 5"	"Véhicule spatial"	"Impacteur"	"Atterrisseur lunaire non-habité Ye-6"	"Indéterminé"	"12/05/1965"	"URSS"	"Echec de l'atterrissage."		
8	"Luna 7"	"Véhicule spatial"	"Impacteur"	"Atterrisseur lunaire non-habité Ye-6"	"Indéterminé"	"08/10/1965"	"URSS"	"Echec de l'atterrissage."		
9	"Luna 8"	"Véhicule spatial"	"Impacteur"	"Atterrisseur lunaire non-habité Ye-6"	"Indéterminé"	"07/12/1965"	"URSS"	"Echec de l'atterrissage."		
10	"Luna 9"	"Véhicule spatial"	"Atterrisseur "	"Atterrisseur lunaire non-habité Ye-6M"	1	"03/02/1966"	"URSS"			
11	"Luna 10"	"Véhicule spatial"	"Impacteur"	"Sonde orbitale Ye-6S"	"Indéterminé"	"30/05/1966"	"URSS"			
12	"Surveyor 1"	"Véhicule spatial"	"Atterrisseur "	"Atterrisseur lunaire non-habité Surveyor"	1	"02/06/1966"	"USA"			
13	"Surveyor 2"	"Véhicule spatial"	"Impacteur"	"Atterrisseur lunaire non-habité Surveyor"	1	"23/09/1966"	"USA"	"Echec de l'atterrissage."		
14	"Luna 11"	"Véhicule spatial"	"Impacteur"	"Sonde orbitale Ye-6LF"	"Indéterminé"	"01/10/1966"	"URSS"			
15	"Lunar orbiter 1"	"Véhicule spatial"	"Impacteur"	"Sonde orbitale Lunar Orbiter"	"Indéterminé"	"29/10/1966"	"URSS"			
16	"Luna 13"	"Véhicule spatial"	"Atterrisseur "	"Atterrisseur lunaire non-habité Ye-6M"	1	"24/12/1966"	"USA"			
17	"Luna 12"	"Véhicule spatial"	"Impacteur"	"Sonde orbitale Ye-6LF"	"Indéterminé"	"19/01/1967"	"USA"			
18	"Surveyor 3"	"Véhicule spatial"	"Atterrisseur "	"Atterrisseur lunaire non-habité Surveyor incomplet"	1	"20/04/1967"	"USA"	"Deux rebonds à l'atterrissage. Visite et récupération de part par Apollo 12."		
19	"Surveyor 4"	"Véhicule spatial"	"Impacteur"	"Atterrisseur lunaire non-habité Surveyor"	1	"17/07/1967"	"USA"	"Perte de contact, échec de l'atterrissage."		
20	"Lunar orbiter 4"	"Véhicule spatial"	"Impacteur"	"Sonde orbitale Lunar Orbiter"	"Indéterminé"	"17/07/1967"	"USA"			
21	"Explorer 35"	"Véhicule spatial"	"Impacteur"	"Sonde orbitale Interplanétaire Monitoring Platform (IMP-E)"	"Indéterminé"	"24/07/1967"	"USA"			
22	"Surveyor 5"	"Véhicule spatial"	"Atterrisseur "	"Atterrisseur lunaire non-habité Surveyor"	1	"11/09/1967"	"USA"			
23	"Lunar orbiter 3"	"Véhicule spatial"	"Impacteur"	"Sonde orbitale Lunar Orbiter"	"Indéterminé"	"09/10/1967"	"USA"			
24	"Lunar orbiter 2"	"Véhicule spatial"	"Impacteur"	"Sonde orbitale Lunar Orbiter"	"Indéterminé"	"11/10/1967"	"USA"			
25	"Surveyor 6"	"Véhicule spatial"	"Atterrisseur "	"Atterrisseur lunaire non-habité Surveyor"	1	"10/11/1967"	"USA"	"Petit saut réalisé plaçant la sonde 2,4m Ouest de sa position d'atterrissage."		
26	"Surveyor 7"	"Véhicule spatial"	"Atterrisseur "	"Atterrisseur lunaire non-habité Surveyor"	1	"10/01/1968"	"USA"			
27	"Lunar orbiter 5"	"Véhicule spatial"	"Impacteur"	"Sonde orbitale Lunar Orbiter"	"Indéterminé"	"31/01/1968"	"USA"			
28	"Luna 14"	"Véhicule spatial"	"Impacteur"	"Sonde orbitale Ye-6LS"	"Indéterminé"	"30/06/1968"	"URSS"	"Sonde presque identique avec Ye-6LF"		
29	"Apollo 10"	"Véhicule spatial"	"Impacteur"	"Etage de descente du module lunaire Snoopy"	"Indéterminé"	"22/05/1969"	"USA"	"Le reste du LM est en orbite héliocentrique."		
30	"Luna 15"	"Véhicule spatial"	"Impacteur"	"Atterrisseur lunaire non-habité Ye-8-5"	"Indéterminé"	"21/07/1969"	"URSS"	"Echec de l'atterrissage."		
31	"Apollo 11"	"Véhicule spatial"	"Atterrisseur "	"Etage de descente du module lunaire habité Eagle"	1	"21/07/1969"	"USA"	"Une plaque commémorative y est accrochée."		2
32	"Apollo 11"	"Véhicule spatial"	"Impacteur"	"Etage de montée du module lunaire habité Eagle"	"Indéterminé"	"21/07/1969"	"USA"			1
33	"Apollo 11"	"Equipement scientifique"	"Appareil audiovisuel"	"Filtre polarisant"	1	"21/07/1969"	"USA"			15
34	"Apollo 11"	"Equipement scientifique"	"Appareil Audiovisuel"	"Sous-système pour la caméra de télévision"	1	"21/07/1969"	"USA"			28
35	"Apollo 11"	"Equipement scientifique"	"Appareil Audiovisuel"	"Caméra de télévision"	1	"21/07/1969"	"USA"			29
36	"Apollo 11"	"Equipement scientifique"	"Appareil Audiovisuel"	"Objectif grand angle pour la caméra de télévision "	1	"21/07/1969"	"USA"			30
37	"Apollo 11"	"Equipement scientifique"	"Appareil Audiovisuel"	"Objectif de jour pour la caméra de télévision "	1	"21/07/1969"	"USA"			31
38	"Apollo 11"	"Equipement scientifique"	"Appareil Audiovisuel"	"Lot de câbles pour la caméra de télévision"	1	"21/07/1969"	"USA"			32
39	"Apollo 11"	"Equipement scientifique"	"Appareil Audiovisuel"	"Antenne de communication S-Band"	1	"21/07/1969"	"USA"			36
40	"Apollo 11"	"Equipement scientifique"	"Appareil Audiovisuel"	"Câbles pour l'antenne S-Band"	1	"21/07/1969"	"USA"			37
41	"Apollo 11"	"Equipement scientifique"	"Appareil audiovisuel"	"Protection thermique en mylar doré"	"Indéterminé"	"21/07/1969"	"USA"	"Le mylar doré a été arraché du LEM lors du décollage de l'étage de montée. "		49
42	"Apollo 11"	"Equipement scientifique"	"Equipement pour EVA"	"Collecteur de liquide causé par la condensation dans le PLSS"	2	"21/07/1969"	"USA"			12
43	"Apollo 11"	"Equipement scientifique"	"Equipement pour EVA"	"Système de support de vie (PLSS)"	2	"21/07/1969"	"USA"			16
44	"Apollo 11"	"Equipement scientifique"	"Equipement pour EVA"	"Console de contrôle du PLSS (RCU)"	2	"21/07/1969"	"USA"			17
45	"Apollo 11"	"Equipement scientifique"	"Equipement pour EVA"	"Paire de surchaussure pour botte lunaire"	2	"21/07/1969"	"USA"			18
46	"Apollo 11"	"Equipement scientifique"	"Equipement pour EVA"	"Connecteur PGA permettant de purger le gaz"	2	"21/07/1969"	"USA"			19
47	"Apollo 11"	"Equipement scientifique"	"Equipement pour EVA"	"Ligne de sureté"	1	"21/07/1969"	"USA"			25
48	"Apollo 11"	"Equipement scientifique"	"Equipement pour EVA"	"Système d'attaches et sangles pour la taille "	2	"21/07/1969"	"USA"			26
49	"Apollo 11"	"Equipement scientifique"	"Equipement pour EVA"	"Système d'attaches et sangles pour la taille "	2	"21/07/1969"	"USA"			27
50	"Apollo 11"	"Equipement scientifique"	"Equipement pour EVA"	"Adaptateur OPS / SRC"	2	"21/07/1969"	"USA"			33
51	"Apollo 11"	"Equipement scientifique"	"Equipement pour EVA"	"Filtre pour l'ECS avec LiOH"	2	"21/07/1969"	"USA"			34
52	"Apollo 11"	"Equipement scientifique"	"Equipement pour EVA"	"Filtre bactérien pour l'oxygène"	1	"21/07/1969"	"USA"			35
53	"Apollo 11"	"Equipement scientifique"	"Instrument scientifique"	"Réflecteur lunaire (LRRR)"	1	"21/07/1969"	"USA"			14
54	"Apollo 11"	"Equipement scientifique"	"Instrument scientifique"	"Sismomètre passif (PSE)"	1	"21/07/1969"	"USA"			40
55	"Apollo 11"	"Equipement scientifique"	"Instrument scientifique"	"Station centrale de l'EASEP"	1	"21/07/1969"	"USA"	"Permet d'avoir une communication radiofréquence avec la Terre pour les calculs télémétriques et le contrôle des équipements."		41
56	"Apollo 11"	"Equipement scientifique"	"Outil"	"Marteau"	1	"21/07/1969"	"USA"			43
57	"Apollo 11"	"Equipement scientifique"	"Outil"	"Pelle large pour récupération d'échantillon"	1	"21/07/1969"	"USA"			44
58	"Apollo 11"	"Equipement scientifique"	"Outil"	"Manche télescopique "	1	"21/07/1969"	"USA"			45
59	"Apollo 11"	"Equipement scientifique"	"Outil"	"Tongs"	1	"21/07/1969"	"USA"	"Système de pince à mettre sur le bras télescopique pour récupérer outils et échantillons sur le sol lunaire sans devoir se baiser"		46
60	"Apollo 11"	"Equipement scientifique"	"Outil"	"Gnomon"	1	"21/07/1969"	"USA"	"Instrument astronomique permettant de visualiser la position du soleil."		47
61	"Apollo 11"	"Equipement technique et sanitaire"	"Alimentaire"	"Ration de nourriture scellé (4jours)"	1	"21/07/1969"	"USA"			13
62	"Apollo 11"	"Equipement technique et sanitaire"	"Déchets biologiques"	"Appareil de collecte de déjection"	4	"21/07/1969"	"USA"			8
63	"Apollo 11"	"Equipement technique et sanitaire"	"Déchets biologiques"	"Collecteur d'urine, petit format"	2	"21/07/1969"	"USA"			9
64	"Apollo 11"	"Equipement technique et sanitaire"	"Déchets biologiques"	"Collecteur d'urine, grand format"	2	"21/07/1969"	"USA"			10
65	"Apollo 11"	"Equipement technique et sanitaire"	"Déchets biologiques"	"Sac vomitoire"	4	"21/07/1969"	"USA"	"Les sacs n'ont pas été utilisés."		11
66	"Apollo 11"	"Equipement technique et sanitaire"	"Transport et stockage"	"Système d'attaches et sangles pour la taille "	2	"21/07/1969"	"USA"			20
67	"Apollo 11"	"Equipement technique et sanitaire"	"Transport et stockage"	"Transporteur d'équipement lunaire (LEC)"	1	"21/07/1969"	"USA"			21
68	"Apollo 11"	"Equipement technique et sanitaire"	"Transport et stockage"	"Câbles et attaches à la taille pour le LEC"	1	"21/07/1969"	"USA"			22
69	"Apollo 11"	"Equipement technique et sanitaire"	"Transport et stockage"	"Sac de stockage pour le LEC"	1	"21/07/1969"	"USA"			23
70	"Apollo 11"	"Equipement technique et sanitaire"	"Transport et stockage"	"Sac de stockage pour la ligne de sureté "	1	"21/07/1969"	"USA"			24
71	"Apollo 11"	"Equipement technique et sanitaire"	"Transport et stockage"	"Sac pour l'équipement de transport lunaire"	1	"21/07/1969"	"USA"			38
72	"Apollo 11"	"Equipement technique et sanitaire"	"Transport et stockage"	"Lot 1 de palette du MESA"	1	"21/07/1969"	"USA"			39
73	"Apollo 11"	"Equipement technique et sanitaire"	"Transport et stockage"	"Lot 2 de palette du MESA"	1	"21/07/1969"	"USA"			42
74	"Apollo 11"	"Equipement technique et sanitaire"	"Transport et stockage"	"Récipient à déchets"	1	"21/07/1969"	"USA"			48
75	"Apollo 11"	"Objet symbolique"	"Distinction"	"Insigne de la mission Apollo 1 "	1	"21/07/1969"	"USA"	"En l'honneur des astronautes morts lors de la mission."		5
76	"Apollo 11"	"Objet symbolique"	"Distinction"	"Médailles soviétiques"	2	"21/07/1969"	"USA"	"En l'honneur des astronautes morts."		6
77	"Apollo 11"	"Objet symbolique"	"Document"	"Disque en silicone gravé"	1	"21/07/1969"	"USA"	"Message de paix venant de 73 pays."		7
78	"Apollo 11"	"Objet symbolique"	"Drapeau "	"Drapeau USA et armature en aluminium"	1	"21/07/1969"	"USA"			3
79	"Apollo 11"	"Objet symbolique"	"Autre"	"Rameau d'olivier en or"	1	"21/07/1969"	"USA"			4
80	"Apollo 12"	"Véhicule spatial"	"Atterrisseur "	"Etage de descente du module lunaire habité Intrepid"	1	"19/11/1969"	"USA"	"Une plaque commémorative y est accrochée."		2
81	"Apollo 12"	"Véhicule spatial"	"Impacteur"	"Etage de montée du module lunaire habité Intrepid"	"Indéterminé"	"19/11/1969"	"USA"			1
82	"Apollo 12"	"Equipement scientifique"	"Appareil audiovisuel"	"Câble et télécommande pour appareil photo 16mm"	1	"19/11/1969"	"USA"			34
83	"Apollo 12"	"Equipement scientifique"	"Appareil audiovisuel"	"Déclencheur électrique pour caméra Hasselblad"	2	"19/11/1969"	"USA"			35
84	"Apollo 12"	"Equipement scientifique"	"Appareil audiovisuel"	"Poignée électrique pour caméra Hasselblad"	2	"19/11/1969"	"USA"			36
85	"Apollo 12"	"Equipement scientifique"	"Appareil audiovisuel"	"Support pour caméra"	2	"19/11/1969"	"USA"			37
86	"Apollo 12"	"Equipement scientifique"	"Appareil audiovisuel"	"Système pour Caméra de télévision couleur"	1	"19/11/1969"	"USA"			38
87	"Apollo 12"	"Equipement scientifique"	"Appareil audiovisuel"	"Caméra de télévision couleur"	1	"19/11/1969"	"USA"			39
88	"Apollo 12"	"Equipement scientifique"	"Appareil audiovisuel"	"Objectif zoom pour caméra de télévision"	1	"19/11/1969"	"USA"			40
89	"Apollo 12"	"Equipement scientifique"	"Appareil audiovisuel"	"Câbles pour caméra de télévision"	1	"19/11/1969"	"USA"			41
90	"Apollo 12"	"Equipement scientifique"	"Appareil audiovisuel"	"Trépied pour caméra de télévision "	1	"19/11/1969"	"USA"			42
91	"Apollo 12"	"Equipement scientifique"	"Appareil audiovisuel"	"Support de montage pour la caméra de télévision"	1	"19/11/1969"	"USA"			43
92	"Apollo 12"	"Equipement scientifique"	"Appareil audiovisuel"	"Support d'installation pour la caméra de télévision couleur"	1	"19/11/1969"	"USA"			44
93	"Apollo 12"	"Equipement scientifique"	"Appareil audiovisuel"	"Appareil de photographie gros plan stéréo"	1	"19/11/1969"	"USA"			45
94	"Apollo 12"	"Equipement scientifique"	"Appareil audiovisuel"	"Cibles de contraste"	3	"19/11/1969"	"USA"			46
95	"Apollo 12"	"Equipement scientifique"	"Appareil audiovisuel"	"Filtre polarisant"	1	"19/11/1969"	"USA"			47
96	"Apollo 12"	"Equipement scientifique"	"Appareil audiovisuel"	"Retardateur pour Hasselblad"	1	"19/11/1969"	"USA"	"Il a été envoyé sous le coup de la frustration par un des astronautes"		48
97	"Apollo 12"	"Equipement scientifique"	"Appareil audiovisuel"	"Antenne de communication S-Band"	1	"19/11/1969"	"USA"			49
98	"Apollo 12"	"Equipement scientifique"	"Appareil audiovisuel"	"Couverture de protection réseau"	2	"19/11/1969"	"USA"			72
99	"Apollo 12"	"Equipement scientifique"	"Appareil audiovisuel"	"Caméra Hasselblad"	2	"19/11/1969"	"USA"			31
100	"Apollo 12"	"Equipement scientifique"	"Appareil audiovisuel"	"Objectif caméra 60mm"	2	"19/11/1969"	"USA"			32
101	"Apollo 12"	"Equipement scientifique"	"Appareil audiovisuel"	"Adaptateur pour appareil photo 16mm"	1	"19/11/1969"	"USA"			33
102	"Apollo 12"	"Equipement scientifique"	"Equipement pour EVA"	"Collecteur de liquide causé par la condensation dans le PLSS"	1	"19/11/1969"	"USA"			11
103	"Apollo 12"	"Equipement scientifique"	"Equipement pour EVA"	"Système d'attaches et sangles rétractable"	2	"19/11/1969"	"USA"			50
104	"Apollo 12"	"Equipement scientifique"	"Equipement pour EVA"	"Console de contrôle du PLSS (RCU)"	2	"19/11/1969"	"USA"			51
105	"Apollo 12"	"Equipement scientifique"	"Equipement pour EVA"	"Filtre avec cartouche de LiOH du PLSS"	2	"19/11/1969"	"USA"			52
106	"Apollo 12"	"Equipement scientifique"	"Equipement pour EVA"	"Batteries pour PLSS"	2	"19/11/1969"	"USA"			53
107	"Apollo 12"	"Equipement scientifique"	"Equipement pour EVA"	"Paire de surchaussure pour botte lunaire"	2	"19/11/1969"	"USA"			54
108	"Apollo 12"	"Equipement scientifique"	"Equipement pour EVA"	"Ensemble PLSS et EVCS"	1	"19/11/1969"	"USA"			55
109	"Apollo 12"	"Equipement scientifique"	"Equipement pour EVA"	"Ensemble PLSS et EVCS"	1	"19/11/1969"	"USA"			56
110	"Apollo 12"	"Equipement scientifique"	"Equipement pour EVA"	"Sac pour le système d'hydratation avec barème"	1	"19/11/1969"	"USA"			57
111	"Apollo 12"	"Equipement scientifique"	"Equipement pour EVA"	"Sac pour le système d'hydratation sans barème"	3	"19/11/1969"	"USA"			58
112	"Apollo 12"	"Equipement scientifique"	"Equipement pour EVA"	"Ligne de sureté"	1	"19/11/1969"	"USA"			59
113	"Apollo 12"	"Equipement scientifique"	"Equipement pour EVA"	"Adaptateur OPS / SRC"	2	"19/11/1969"	"USA"			60
114	"Apollo 12"	"Equipement scientifique"	"Equipement pour EVA"	"Filtre pour l'ECS avec LiOH"	1	"19/11/1969"	"USA"			61
115	"Apollo 12"	"Equipement scientifique"	"Equipement pour EVA"	"Sangle pour l'ECS"	1	"19/11/1969"	"USA"			62
116	"Apollo 12"	"Equipement scientifique"	"Instrument scientifique"	"Station centrale de l'ALSEP"	1	"19/11/1969"	"USA"			12
117	"Apollo 12"	"Equipement scientifique"	"Instrument scientifique"	"Ensemble de montage pour le combustible nucléaire du RTG"	1	"19/11/1969"	"USA"			13
118	"Apollo 12"	"Equipement scientifique"	"Instrument scientifique"	"Combustible nucléaire"	1	"19/11/1969"	"USA"			14
119	"Apollo 12"	"Equipement scientifique"	"Instrument scientifique"	"Capsule pour le combustible"	1	"19/11/1969"	"USA"			15
120	"Apollo 12"	"Equipement scientifique"	"Instrument scientifique"	"Charte colorimétrique"	1	"19/11/1969"	"USA"			16
121	"Apollo 12"	"Equipement scientifique"	"Instrument scientifique"	"Magnétomètre LSM"	1	"19/11/1969"	"USA"			17
122	"Apollo 12"	"Equipement scientifique"	"Instrument scientifique"	"Sismomètre passif (PSE)"	1	"19/11/1969"	"USA"			18
123	"Apollo 12"	"Equipement scientifique"	"Instrument scientifique"	"Spectromètre à vent solaire"	1	"19/11/1969"	"USA"			19
124	"Apollo 12"	"Equipement scientifique"	"Instrument scientifique"	"Générateur thermique à radioisotope (RTG)"	1	"19/11/1969"	"USA"			20
125	"Apollo 12"	"Equipement scientifique"	"Instrument scientifique"	"Détecteur d'ion suprathermique et jauge cathodique froide (SIDE et CCGE)"	1	"19/11/1969"	"USA"			21
126	"Apollo 12"	"Equipement scientifique"	"Outil"	"Marteau"	1	"19/11/1969"	"USA"			22
127	"Apollo 12"	"Equipement scientifique"	"Outil"	"Pelle pour récupération d'échantillon"	1	"19/11/1969"	"USA"			23
128	"Apollo 12"	"Equipement scientifique"	"Outil"	"Manche télescopique "	1	"19/11/1969"	"USA"			24
129	"Apollo 12"	"Equipement scientifique"	"Outil"	"Tongs"	1	"19/11/1969"	"USA"			25
130	"Apollo 12"	"Equipement scientifique"	"Outil"	"Gnomon"	1	"19/11/1969"	"USA"			26
131	"Apollo 12"	"Equipement scientifique"	"Outil"	"Crochets"	2	"19/11/1969"	"USA"			27
132	"Apollo 12"	"Equipement scientifique"	"Outil"	"Outil de nivellement pour PSE"	1	"19/11/1969"	"USA"			28
133	"Apollo 12"	"Equipement scientifique"	"Outil"	"Porte-outil avec outils de géologie lunaire"	1	"19/11/1969"	"USA"			29
134	"Apollo 12"	"Equipement scientifique"	"Outil"	"Cutter"	1	"19/11/1969"	"USA"	"Utilisé pour récupérer des morceaux de Surveyor 3."		30
135	"Apollo 12"	"Equipement technique et sanitaire"	"Déchets biologiques"	"Appareil de collecte de déjection"	4	"19/11/1969"	"USA"			5
136	"Apollo 12"	"Equipement technique et sanitaire"	"Déchets biologiques"	"Collecteur d'urine, petit format"	1	"19/11/1969"	"USA"			9
137	"Apollo 12"	"Equipement technique et sanitaire"	"Déchets biologiques"	"Sac vomitoire"	4	"19/11/1969"	"USA"			10
138	"Apollo 12"	"Equipement technique et sanitaire"	"Equipement pour le repos"	"Hamac"	1	"19/11/1969"	"USA"	"Suite aux plaintes d'Apollo 11 ils ont rajouté de l'équipement pour un repas agréable."		73
139	"Apollo 12"	"Equipement technique et sanitaire"	"Equipement pour le repos"	"Bouchons d'oreilles "	2	"19/11/1969"	"USA"			8
140	"Apollo 12"	"Equipement technique et sanitaire"	"Textile"	"Serviette, rouge "	2	"19/11/1969"	"USA"			6
141	"Apollo 12"	"Equipement technique et sanitaire"	"Textile"	"Serviette, bleu"	2	"19/11/1969"	"USA"			7
142	"Apollo 12"	"Equipement technique et sanitaire"	"Transport et stockage"	"Système d'attaches et sangles pour la taille (LEC)"	1	"19/11/1969"	"USA"			63
143	"Apollo 12"	"Equipement technique et sanitaire"	"Transport et stockage"	"Transporteur d'équipement lunaire (LEC)"	1	"19/11/1969"	"USA"			64
144	"Apollo 12"	"Equipement technique et sanitaire"	"Transport et stockage"	"Sac de stockage pour le LEC"	1	"19/11/1969"	"USA"			65
145	"Apollo 12"	"Equipement technique et sanitaire"	"Transport et stockage"	"Système de stockage temporaire"	1	"19/11/1969"	"USA"			66
146	"Apollo 12"	"Equipement technique et sanitaire"	"Transport et stockage"	"Récipient à déchets"	1	"19/11/1969"	"USA"			67
147	"Apollo 12"	"Equipement technique et sanitaire"	"Transport et stockage"	"Récipient à déchets"	1	"19/11/1969"	"USA"			68
148	"Apollo 12"	"Equipement technique et sanitaire"	"Transport et stockage"	"Lot 1 de palette de rangement pour ALSEP"	1	"19/11/1969"	"USA"			69
149	"Apollo 12"	"Equipement technique et sanitaire"	"Transport et stockage"	"Lot 2 de palette de rangement pour ALSEP"	1	"19/11/1969"	"USA"			70
150	"Apollo 12"	"Equipement technique et sanitaire"	"Transport et stockage"	"Câbles et attaches à la taille pour le LEC"	1	"19/11/1969"	"USA"			71
151	"Apollo 12"	"Objet symbolique"	"Drapeau "	"Drapeau USA et armature en aluminium cassé"	1	"19/11/1969"	"USA"	"L'armature est cassé. "		3
152	"Apollo 12"	"Objet symbolique"	"Distinction"	"Badges d'astronaute"	2	"19/11/1969"	"USA"			4
153	"Apollo 13 "	"Véhicule spatial"	"Impacteur"	"Troisième étage de la fusée Saturne V (S-IVB)"	"Indéterminé"	"15/04/1970"	"USA"			
154	"Luna 16 "	"Véhicule spatial"	"Atterrisseur "	"Etage de descente de l'atterrisseur Ye-8-5"	1	"20/09/1970"	"URSS"	"Récupération d'échantillon, forage à 35cm. "		
155	"Luna 17"	"Véhicule spatial"	"Atterrisseur "	"Atterrisseur pour transport d'astromobile Ye-8"	1	"17/11/1970"	"URSS"	"Trace reliant La sonde Luna 17 avec Lunokhod 1. "		
156	"Luna 17"	"Véhicule spatial"	"Astromobile "	"Véhicule lunaire à roue Lunokhod 1"	1	"18/11/1970"	"URSS"	"Trace reliant La sonde Luna 17 avec Lunokhod 1. "		
157	"Apollo 14"	"Véhicule spatial"	"Astromobile "	"Chariot de transport pour équipement (MET)"	1	"05/02/1971"	"USA"			4
158	"Apollo 14"	"Véhicule spatial"	"Atterrisseur "	"Etage de descente du module lunaire habité Antares"	1	"05/02/1971"	"USA"			3
159	"Apollo 14"	"Véhicule spatial"	"Impacteur"	"Troisième étage de la fusée Saturne V (S-IVB)"	1	"05/02/1971"	"USA"			1
160	"Apollo 14"	"Véhicule spatial"	"Impacteur"	"Etage de montée du module lunaire habité Antares"	1	"05/02/1971"	"USA"			2
161	"Apollo 14"	"Equipement scientifique"	"Appareil audiovisuel"	"Filtre polarisant"	1	"05/02/1971"	"USA"			13
162	"Apollo 14"	"Equipement scientifique"	"Appareil audiovisuel"	"Adaptateur pour support d'appareil photo 16mm"	1	"05/02/1971"	"USA"			14
163	"Apollo 14"	"Equipement scientifique"	"Appareil audiovisuel"	"Caméra Hasselblad"	1	"05/02/1971"	"USA"			15
164	"Apollo 14"	"Equipement scientifique"	"Appareil audiovisuel"	"Objectif caméra 60mm"	1	"05/02/1971"	"USA"			16
165	"Apollo 14"	"Equipement scientifique"	"Appareil audiovisuel"	"Câble et télécommande pour l'appareil photo 16mm"	1	"05/02/1971"	"USA"			17
166	"Apollo 14"	"Equipement scientifique"	"Appareil audiovisuel"	"Déclencheur électrique pour caméra Hasselblad"	1	"05/02/1971"	"USA"			18
167	"Apollo 14"	"Equipement scientifique"	"Appareil audiovisuel"	"Poignée électrique pour caméra Hasselblad"	1	"05/02/1971"	"USA"			19
168	"Apollo 14"	"Equipement scientifique"	"Appareil audiovisuel"	"Brosse pour les objectifs"	1	"05/02/1971"	"USA"			22
169	"Apollo 14"	"Equipement scientifique"	"Appareil audiovisuel"	"Bloc d'alimentation pour l'appareil photo 16mm"	1	"05/02/1971"	"USA"			23
170	"Apollo 14"	"Equipement scientifique"	"Appareil audiovisuel"	"Appareil photo à pile 16mm"	1	"05/02/1971"	"USA"			24
171	"Apollo 14"	"Equipement scientifique"	"Appareil audiovisuel"	"Objectif 5mm pour appareil photo à pile"	1	"05/02/1971"	"USA"			25
172	"Apollo 14"	"Equipement scientifique"	"Appareil audiovisuel"	"Poignée pour l'appareil photo à pile"	1	"05/02/1971"	"USA"			26
173	"Apollo 14"	"Equipement scientifique"	"Appareil audiovisuel"	"Bloc d'alimentation pour l'appareil photo 16mm"	1	"05/02/1971"	"USA"			27
174	"Apollo 14"	"Equipement scientifique"	"Appareil audiovisuel"	"Support de télécommande pour l'appareil photo à pile"	1	"05/02/1971"	"USA"			28
175	"Apollo 14"	"Equipement scientifique"	"Appareil audiovisuel"	"Support pour caméra"	1	"05/02/1971"	"USA"			30
176	"Apollo 14"	"Equipement scientifique"	"Appareil audiovisuel"	"Appareil photo gros plan stéréo"	1	"05/02/1971"	"USA"			44
177	"Apollo 14"	"Equipement scientifique"	"Appareil audiovisuel"	"Antenne de communication S-Band"	1	"05/02/1971"	"USA"			49
178	"Apollo 14"	"Equipement scientifique"	"Appareil audiovisuel"	"Trépied pour caméra de télévision "	1	"05/02/1971"	"USA"			50
179	"Apollo 14"	"Equipement scientifique"	"Appareil audiovisuel"	"Support de montage pour la caméra de télévision"	1	"05/02/1971"	"USA"			52
180	"Apollo 14"	"Equipement scientifique"	"Appareil audiovisuel"	"Caméra de télévision"	1	"05/02/1971"	"USA"			76
181	"Apollo 14"	"Equipement scientifique"	"Appareil audiovisuel"	"Objectif de jour pour la caméra de télévision "	1	"05/02/1971"	"USA"			77
182	"Apollo 14"	"Equipement scientifique"	"Appareil audiovisuel"	"Caméra de télévision couleur"	1	"05/02/1971"	"USA"			78
183	"Apollo 14"	"Equipement scientifique"	"Appareil audiovisuel"	"Objectif zoom pour caméra de télévision couleur"	1	"05/02/1971"	"USA"			79
184	"Apollo 14"	"Equipement scientifique"	"Appareil audiovisuel"	"Câble pour la caméra de télévision couleur"	1	"05/02/1971"	"USA"			80
185	"Apollo 14"	"Equipement scientifique"	"Appareil audiovisuel"	"Cache pour objectif"	1	"05/02/1971"	"USA"			81
186	"Apollo 14"	"Equipement scientifique"	"Appareil audiovisuel"	"Couverture de protection réseau"	2	"05/02/1971"	"USA"			95
187	"Apollo 14"	"Equipement scientifique"	"Appareil audiovisuel"	"Couverture de protection pour objectif de caméra"	1	"05/02/1971"	"USA"			98
188	"Apollo 14"	"Equipement scientifique"	"Appareil audiovisuel"	"Couverture de protection pour connecteur "	1	"05/02/1971"	"USA"			99
189	"Apollo 14"	"Equipement scientifique"	"Equipement pour EVA"	"Système d'attaches et sangles rétractable"	2	"05/02/1971"	"USA"			20
190	"Apollo 14"	"Equipement scientifique"	"Equipement pour EVA"	"Manchette avec liste de vérification"	2	"05/02/1971"	"USA"			21
191	"Apollo 14"	"Equipement scientifique"	"Equipement pour EVA"	"Console de contrôle du PLSS (RCU)"	2	"05/02/1971"	"USA"			29
192	"Apollo 14"	"Equipement scientifique"	"Equipement pour EVA"	"Filtre avec cartouche de LiOH du PLSS"	2	"05/02/1971"	"USA"			31
193	"Apollo 14"	"Equipement scientifique"	"Equipement pour EVA"	"Batteries pour PLSS"	2	"05/02/1971"	"USA"			32
194	"Apollo 14"	"Equipement scientifique"	"Equipement pour EVA"	"Paire de botte lunaire"	2	"05/02/1971"	"USA"			33
195	"Apollo 14"	"Equipement scientifique"	"Equipement pour EVA"	"Ensemble PLSS et EVCS"	1	"05/02/1971"	"USA"			34
196	"Apollo 14"	"Equipement scientifique"	"Equipement pour EVA"	"Ensemble PLSS et EVCS"	1	"05/02/1971"	"USA"			35
197	"Apollo 14"	"Equipement scientifique"	"Equipement pour EVA"	"Sac pour le système d'hydratation "	1	"05/02/1971"	"USA"			36
198	"Apollo 14"	"Equipement scientifique"	"Equipement pour EVA"	"Sac pour le système d'hydratation vide"	1	"05/02/1971"	"USA"			37
199	"Apollo 14"	"Equipement scientifique"	"Equipement pour EVA"	"Ligne de sureté (100ft)"	1	"05/02/1971"	"USA"			39
200	"Apollo 14"	"Equipement scientifique"	"Equipement pour EVA"	"Appareil pour l'hydratation intra-combinaison"	2	"05/02/1971"	"USA"			42
201	"Apollo 14"	"Equipement scientifique"	"Equipement pour EVA"	"Système de support de vie secondaire (SLSS Buddy)"	1	"05/02/1971"	"USA"			43
202	"Apollo 14"	"Equipement scientifique"	"Equipement pour EVA"	"Adaptateur OPS / SRC"	2	"05/02/1971"	"USA"			45
203	"Apollo 14"	"Equipement scientifique"	"Equipement pour EVA"	"Filtre pour l'ECS avec LiOH"	1	"05/02/1971"	"USA"			46
204	"Apollo 14"	"Equipement scientifique"	"Equipement pour EVA"	"Collecteur de liquide causé par la condensation dans le PLSS"	1	"05/02/1971"	"USA"			48
205	"Apollo 14"	"Equipement scientifique"	"Equipement pour EVA"	"Sangle pour l'ECS"	1	"05/02/1971"	"USA"			51
206	"Apollo 14"	"Equipement scientifique"	"Instrument scientifique"	"Station centrale de l'ALSEP"	1	"05/02/1971"	"USA"			12
207	"Apollo 14"	"Equipement scientifique"	"Instrument scientifique"	"Ensemble de montage pour le combustible nucléaire du RTG"	1	"05/02/1971"	"USA"			61
208	"Apollo 14"	"Equipement scientifique"	"Instrument scientifique"	"Combustible nucléaire"	1	"05/02/1971"	"USA"			62
209	"Apollo 14"	"Equipement scientifique"	"Instrument scientifique"	"Capsule pour le combustible"	1	"05/02/1971"	"USA"			63
210	"Apollo 14"	"Equipement scientifique"	"Instrument scientifique"	"Magnétomètre portable"	1	"05/02/1971"	"USA"			73
211	"Apollo 14"	"Equipement scientifique"	"Instrument scientifique"	"Réflecteur lunaire (LRRR)"	1	"05/02/1971"	"USA"			74
212	"Apollo 14"	"Equipement scientifique"	"Instrument scientifique"	"Câble d'ancrage pour ASE"	1	"05/02/1971"	"USA"			75
213	"Apollo 14"	"Equipement scientifique"	"Instrument scientifique"	"Sismomètre actif (ASE)"	1	"05/02/1971"	"USA"	"Des charges explosives sont enfouies pour cette expérience mais seul 13 ont explosé."		82
214	"Apollo 14"	"Equipement scientifique"	"Instrument scientifique"	"Sismomètre passif (PSE)"	1	"05/02/1971"	"USA"			83
215	"Apollo 14"	"Equipement scientifique"	"Instrument scientifique"	"Instrument de mesure des flux de particules chargés (CPLEE)"	1	"05/02/1971"	"USA"			84
216	"Apollo 14"	"Equipement scientifique"	"Instrument scientifique"	"Générateur thermique à radioisotope (RTG)"	1	"05/02/1971"	"USA"			85
217	"Apollo 14"	"Equipement scientifique"	"Instrument scientifique"	"Détecteur d'ion suprathermique et jauge cathodique froide (SIDE et CCGE)"	1	"05/02/1971"	"USA"			86
218	"Apollo 14"	"Equipement scientifique"	"Matériel sportif"	"Balle de golf"	2	"05/02/1971"	"USA"			100
219	"Apollo 14"	"Equipement scientifique"	"Matériel sportif"	"Javelot"	1	"05/02/1971"	"USA"			101
220	"Apollo 14"	"Equipement scientifique"	"Outil"	"Marteau"	1	"05/02/1971"	"USA"			66
221	"Apollo 14"	"Equipement scientifique"	"Outil"	"Pelle pour récupération d'échantillon, large"	1	"05/02/1971"	"USA"			67
222	"Apollo 14"	"Equipement scientifique"	"Outil"	"Rallonge pour outil, club de golf"	1	"05/02/1971"	"USA"	"Tête de fer 6"		68
223	"Apollo 14"	"Equipement scientifique"	"Outil"	"Tongs"	1	"05/02/1971"	"USA"			69
224	"Apollo 14"	"Equipement scientifique"	"Outil"	"Gnomon"	1	"05/02/1971"	"USA"			70
225	"Apollo 14"	"Equipement scientifique"	"Outil"	"Outil pour creuser des tranchées"	1	"05/02/1971"	"USA"			71
226	"Apollo 14"	"Equipement scientifique"	"Outil"	"Barème pour échantillon"	1	"05/02/1971"	"USA"			72
227	"Apollo 14"	"Equipement scientifique"	"Outil"	"Outil de nivellement pour PSE"	1	"05/02/1971"	"USA"			87
228	"Apollo 14"	"Equipement scientifique"	"Outil"	"Porte-outil avec outils de géologie lunaire"	1	"05/02/1971"	"USA"			88
229	"Apollo 14"	"Equipement scientifique"	"Outil"	"Outil de déploiement pour l'ALSEP"	1	"05/02/1971"	"USA"			89
230	"Apollo 14"	"Equipement technique et sanitaire"	"Déchets biologique"	"Appareil de collecte de déjection"	4	"05/02/1971"	"USA"			6
231	"Apollo 14"	"Equipement technique et sanitaire"	"Déchets biologiques"	"Collecteur d'urine, petit format"	6	"05/02/1971"	"USA"			10
232	"Apollo 14"	"Equipement technique et sanitaire"	"Déchets biologiques"	"Sac vomitoire"	4	"05/02/1971"	"USA"			11
233	"Apollo 14"	"Equipement technique et sanitaire"	"Equipement pour le repos"	"Hamac"	1	"05/02/1971"	"USA"			96
234	"Apollo 14"	"Equipement technique et sanitaire"	"Equipement pour le repos"	"Hamac"	1	"05/02/1971"	"USA"			97
235	"Apollo 14"	"Equipement technique et sanitaire"	"Equipement pour le repos"	"Bouchons d'oreilles, paire"	1	"05/02/1971"	"USA"			9
236	"Apollo 14"	"Equipement technique et sanitaire"	"Produit d'hygiène"	"Brosse pour poussière lunaire"		"05/02/1971"	"USA"			40
237	"Apollo 14"	"Equipement technique et sanitaire"	"Textile"	"Serviette, rouge "	2	"05/02/1971"	"USA"			7
238	"Apollo 14"	"Equipement technique et sanitaire"	"Textile"	"Serviette, bleu"	2	"05/02/1971"	"USA"			8
239	"Apollo 14"	"Equipement technique et sanitaire"	"Transport et stockage"	"Sac de déchets"	3	"05/02/1971"	"USA"			38
240	"Apollo 14"	"Equipement technique et sanitaire"	"Transport et stockage"	"Sac de stockage pour la ligne de sureté "	1	"05/02/1971"	"USA"			41
241	"Apollo 14"	"Equipement technique et sanitaire"	"Transport et stockage"	"Récipient à déchets"	2	"05/02/1971"	"USA"			47
242	"Apollo 14"	"Equipement technique et sanitaire"	"Transport et stockage"	"Rangement pour SLSS Buddy"	1	"05/02/1971"	"USA"			53
243	"Apollo 14"	"Equipement technique et sanitaire"	"Transport et stockage"	"Rangement pour l'appareil photo 16mm"	1	"05/02/1971"	"USA"			54
244	"Apollo 14"	"Equipement technique et sanitaire"	"Transport et stockage"	"Mousse de rangement"	1	"05/02/1971"	"USA"			55
245	"Apollo 14"	"Equipement technique et sanitaire"	"Transport et stockage"	"Mousse de rangement"	1	"05/02/1971"	"USA"			56
246	"Apollo 14"	"Equipement technique et sanitaire"	"Transport et stockage"	"Lot de sangles"	1	"05/02/1971"	"USA"			57
247	"Apollo 14"	"Equipement technique et sanitaire"	"Transport et stockage"	"Courroie d'attache"	1	"05/02/1971"	"USA"			58
248	"Apollo 14"	"Equipement technique et sanitaire"	"Transport et stockage"	"Lot de palette pour le magnétomètre"	1	"05/02/1971"	"USA"			59
249	"Apollo 14"	"Equipement technique et sanitaire"	"Transport et stockage"	"Lot de sangles"	1	"05/02/1971"	"USA"			60
250	"Apollo 14"	"Equipement technique et sanitaire"	"Transport et stockage"	"Lot 1 de palette de rangement pour ALSEP"	1	"05/02/1971"	"USA"			64
251	"Apollo 14"	"Equipement technique et sanitaire"	"Transport et stockage"	"Lot 2 de palette de rangement pour ALSEP"	1	"05/02/1971"	"USA"			65
252	"Apollo 14"	"Equipement technique et sanitaire"	"Transport et stockage"	"Kit d'attaches et sangles pour la taille LEC"	1	"05/02/1971"	"USA"			90
253	"Apollo 14"	"Equipement technique et sanitaire"	"Transport et stockage"	"Câbles et attaches à la taille pour le LEC"	1	"05/02/1971"	"USA"			91
254	"Apollo 14"	"Equipement technique et sanitaire"	"Transport et stockage"	"Transporteur d'équipement lunaire (LEC)"	1	"05/02/1971"	"USA"			92
255	"Apollo 14"	"Equipement technique et sanitaire"	"Transport et stockage"	"Sac de stockage pour le LEC"	1	"05/02/1971"	"USA"			93
256	"Apollo 14"	"Objet symbolique"	"Drapeau "	"Drapeau USA et armature en aluminium"	1	"05/02/1971"	"USA"			5
257	"Apollo 15"	"Véhicule spatial"	"Astromobile "	"Rover lunaire (LRV)"	1	"30/07/1971"	"USA"			5
258	"Apollo 15"	"Véhicule spatial"	"Atterrisseur "	"Etage de descente du module lunaire habité Falcon"	1	"30/07/1971"	"USA"			4
259	"Apollo 15"	"Véhicule spatial"	"Impacteur"	"Troisième étage de la fusée Saturne V (S-IVB)"	"Indéterminé"	"30/07/1971"	"USA"			2
260	"Apollo 15"	"Véhicule spatial"	"Impacteur"	"Etage de montée du module lunaire habité Falcon"	"Indéterminé"	"30/07/1971"	"USA"			3
261	"Apollo 15"	"Equipement scientifique"	"Appareil audiovisuel"	"Filtre polarisant"	1	"30/07/1971"	"USA"			29
262	"Apollo 15"	"Equipement scientifique"	"Appareil audiovisuel"	"Caméra Hasselblad"	1	"30/07/1971"	"USA"			30
263	"Apollo 15"	"Equipement scientifique"	"Appareil audiovisuel"	"Objectif caméra 60mm"	2	"30/07/1971"	"USA"			31
264	"Apollo 15"	"Equipement scientifique"	"Appareil audiovisuel"	"Déclencheur électrique pour caméra Hasselblad"	3	"30/07/1971"	"USA"			32
265	"Apollo 15"	"Equipement scientifique"	"Appareil audiovisuel"	"Poignée électrique pour caméra Hasselblad"	3	"30/07/1971"	"USA"			33
266	"Apollo 15"	"Equipement scientifique"	"Appareil audiovisuel"	"Brosse pour les objectifs"	2	"30/07/1971"	"USA"			35
267	"Apollo 15"	"Equipement scientifique"	"Appareil audiovisuel"	"Bloc d'alimentation pour l'appareil photo 16mm"	1	"30/07/1971"	"USA"			36
268	"Apollo 15"	"Equipement scientifique"	"Appareil audiovisuel"	"Appareil photo à pile 16mm"	1	"30/07/1971"	"USA"			37
269	"Apollo 15"	"Equipement scientifique"	"Appareil audiovisuel"	"Objectif 10mm pour appareil photo à pile"	1	"30/07/1971"	"USA"			38
270	"Apollo 15"	"Equipement scientifique"	"Appareil audiovisuel"	"Poignée électrique pour l'appareil photo à pile"	1	"30/07/1971"	"USA"			39
271	"Apollo 15"	"Equipement scientifique"	"Appareil audiovisuel"	"Bloc d'alimentation pour l'appareil photo 16mm"	1	"30/07/1971"	"USA"			40
272	"Apollo 15"	"Equipement scientifique"	"Appareil audiovisuel"	"Support de télécommande pour l'appareil photo à pile"	1	"30/07/1971"	"USA"			41
273	"Apollo 15"	"Equipement scientifique"	"Appareil audiovisuel"	"Caméra électrique"	1	"30/07/1971"	"USA"			43
274	"Apollo 15"	"Equipement scientifique"	"Appareil audiovisuel"	"Objectif caméra 500mm"	1	"30/07/1971"	"USA"			44
275	"Apollo 15"	"Equipement scientifique"	"Appareil audiovisuel"	"Bague de visée "	1	"30/07/1971"	"USA"			45
276	"Apollo 15"	"Equipement scientifique"	"Appareil audiovisuel"	"Support pour caméra"	3	"30/07/1971"	"USA"			48
277	"Apollo 15"	"Equipement scientifique"	"Appareil audiovisuel"	"Système pour la caméra de télévision, contrôlée depuis la Terre (GCTA)"	1	"30/07/1971"	"USA"			68
278	"Apollo 15"	"Equipement scientifique"	"Appareil audiovisuel"	"Système de relai de communication (LCRU + accessoires)"	1	"30/07/1971"	"USA"			69
279	"Apollo 15"	"Equipement scientifique"	"Appareil audiovisuel"	"Bâton pour l'appareil photo 16mm"	1	"30/07/1971"	"USA"			71
280	"Apollo 15"	"Equipement scientifique"	"Appareil audiovisuel"	"Adaptateur pour Hasselblad 70mm"	2	"30/07/1971"	"USA"			74
281	"Apollo 15"	"Equipement scientifique"	"Appareil audiovisuel"	"Trépied pour caméra de télévision "	1	"30/07/1971"	"USA"			77
282	"Apollo 15"	"Equipement scientifique"	"Appareil audiovisuel"	"Couverture de protection réseau"	3	"30/07/1971"	"USA"			117
283	"Apollo 15"	"Equipement scientifique"	"Equipement pour EVA"	"Système d'attaches et sangles rétractable"	1	"30/07/1971"	"USA"			34
284	"Apollo 15"	"Equipement scientifique"	"Equipement pour EVA"	"Système d'attaches et sangles rétractable"	1	"30/07/1971"	"USA"			42
285	"Apollo 15"	"Equipement scientifique"	"Equipement pour EVA"	"Vêtement de refroidissement"	2	"30/07/1971"	"USA"			46
286	"Apollo 15"	"Equipement scientifique"	"Equipement pour EVA"	"Console de contrôle du PLSS (RCU)"	2	"30/07/1971"	"USA"			47
287	"Apollo 15"	"Equipement scientifique"	"Equipement pour EVA"	"Filtre avec cartouche de LiOH du PLSS"	4	"30/07/1971"	"USA"			51
288	"Apollo 15"	"Equipement scientifique"	"Equipement pour EVA"	"Batteries pour PLSS"	4	"30/07/1971"	"USA"			52
289	"Apollo 15"	"Equipement scientifique"	"Equipement pour EVA"	"Paire de botte lunaire"	2	"30/07/1971"	"USA"			53
290	"Apollo 15"	"Equipement scientifique"	"Equipement pour EVA"	"Ensemble PLSS et EVCS"	1	"30/07/1971"	"USA"			57
291	"Apollo 15"	"Equipement scientifique"	"Equipement pour EVA"	"Ensemble PLSS et EVCS"	1	"30/07/1971"	"USA"			58
292	"Apollo 15"	"Equipement scientifique"	"Equipement pour EVA"	"Ligne de sureté (100ft)"	1	"30/07/1971"	"USA"			61
293	"Apollo 15"	"Equipement scientifique"	"Equipement pour EVA"	"Système de support de vie secondaire (SLSS Buddy)"	1	"30/07/1971"	"USA"			63
294	"Apollo 15"	"Equipement scientifique"	"Equipement pour EVA"	"Adaptateur OPS / SRC"	2	"30/07/1971"	"USA"			75
295	"Apollo 15"	"Equipement scientifique"	"Equipement pour EVA"	"Filtre pour l'ECS avec LiOH"	2	"30/07/1971"	"USA"			76
296	"Apollo 15"	"Equipement scientifique"	"Equipement pour EVA"	"Sangle pour l'ECS"	1	"30/07/1971"	"USA"			78
297	"Apollo 15"	"Equipement scientifique"	"Equipement pour EVA"	"Sangle pour le filtre LiOH"	1	"30/07/1971"	"USA"			79
298	"Apollo 15"	"Equipement scientifique"	"Equipement pour EVA"	"Filtre pour l'ECS avec LiOH"	1	"30/07/1971"	"USA"			92
299	"Apollo 15"	"Equipement scientifique"	"Instrument scientifique"	"Station centrale de l'ALSEP"	1	"30/07/1971"	"USA"			28
300	"Apollo 15"	"Equipement scientifique"	"Instrument scientifique"	"Adaptateur pour le LGC"	2	"30/07/1971"	"USA"			60
301	"Apollo 15"	"Equipement scientifique"	"Instrument scientifique"	"Sangle pour le LCRU"	1	"30/07/1971"	"USA"			66
302	"Apollo 15"	"Equipement scientifique"	"Instrument scientifique"	"Support de carte pour LRV"	1	"30/07/1971"	"USA"			72
303	"Apollo 15"	"Equipement scientifique"	"Instrument scientifique"	"Ensemble de montage pour le combustible nucléaire du RTG"	1	"30/07/1971"	"USA"			93
304	"Apollo 15"	"Equipement scientifique"	"Instrument scientifique"	"Combustible nucléaire"	1	"30/07/1971"	"USA"			94
305	"Apollo 15"	"Equipement scientifique"	"Instrument scientifique"	"Capsule pour le combustible"	1	"30/07/1971"	"USA"			95
306	"Apollo 15"	"Equipement scientifique"	"Instrument scientifique"	"Sismomètre passif (PSE)"	1	"30/07/1971"	"USA"			97
307	"Apollo 15"	"Equipement scientifique"	"Instrument scientifique"	"Spectromètre à vent solaire"	1	"30/07/1971"	"USA"			98
308	"Apollo 15"	"Equipement scientifique"	"Instrument scientifique"	"Détecteur de poussière"	1	"30/07/1971"	"USA"			99
309	"Apollo 15"	"Equipement scientifique"	"Instrument scientifique"	"Appareil de mesure des flux thermiques"	1	"30/07/1971"	"USA"			101
310	"Apollo 15"	"Equipement scientifique"	"Instrument scientifique"	"Générateur thermique à radioisotope (RTG)"	1	"30/07/1971"	"USA"			103
311	"Apollo 15"	"Equipement scientifique"	"Instrument scientifique"	"Détecteur d'ion suprathermique et jauge cathodique froide (SIDE et CCGE)"	1	"30/07/1971"	"USA"			105
312	"Apollo 15"	"Equipement scientifique"	"Instrument scientifique"	"Pénètromètre auto-enregistrer"	1	"30/07/1971"	"USA"			113
313	"Apollo 15"	"Equipement scientifique"	"Instrument scientifique"	"Porte-accessoire pour le pénètromètre (base et cônes)"	1	"30/07/1971"	"USA"			114
314	"Apollo 15"	"Equipement scientifique"	"Outil"	"Transporteur à outils PLSS"	1	"30/07/1971"	"USA"			64
315	"Apollo 15"	"Equipement scientifique"	"Outil"	"Transporteur à outils PLSS"	1	"30/07/1971"	"USA"			65
316	"Apollo 15"	"Equipement scientifique"	"Outil"	"Outil de déploiement pour le LRV"	1	"30/07/1971"	"USA"			70
317	"Apollo 15"	"Equipement scientifique"	"Outil"	"Colonne de forage"	1	"30/07/1971"	"USA"			90
318	"Apollo 15"	"Equipement scientifique"	"Outil"	"Outil de nivellement pour PSE"	1	"30/07/1971"	"USA"			102
319	"Apollo 15"	"Equipement scientifique"	"Outil"	"Outil de déploiement pour l'ALSEP"	1	"30/07/1971"	"USA"			104
320	"Apollo 15"	"Equipement scientifique"	"Outil"	"Manche télescopique "	1	"30/07/1971"	"USA"			106
321	"Apollo 15"	"Equipement scientifique"	"Outil"	"Tongs (32inch)"	2	"30/07/1971"	"USA"			107
322	"Apollo 15"	"Equipement scientifique"	"Outil"	"Gnomon"	1	"30/07/1971"	"USA"			108
323	"Apollo 15"	"Equipement scientifique"	"Outil"	"Porte-outil avec outils de géologie lunaire"	1	"30/07/1971"	"USA"			109
324	"Apollo 15"	"Equipement scientifique"	"Outil"	"Pelle ajustable pour échantillonnage"	1	"30/07/1971"	"USA"			110
325	"Apollo 15"	"Equipement scientifique"	"Outil"	"Marteau"	1	"30/07/1971"	"USA"			111
326	"Apollo 15"	"Equipement scientifique"	"Outil"	"Perceuse"	1	"30/07/1971"	"USA"			112
327	"Apollo 15"	"Equipement scientifique"	"Outil"	"Râteau pour échantillon lunaire"	1	"30/07/1971"	"USA"			115
328	"Apollo 15"	"Equipement technique et sanitaire"	"Alimentaire"	"Ration de nourriture scellé"	1	"30/07/1971"	"USA"			119
329	"Apollo 15"	"Equipement technique et sanitaire"	"Alimentaire"	"Ration de nourriture scellé"	1	"30/07/1971"	"USA"			120
330	"Apollo 15"	"Equipement technique et sanitaire"	"Alimentaire"	"Ration de nourriture scellé"	1	"30/07/1971"	"USA"			121
331	"Apollo 15"	"Equipement technique et sanitaire"	"Déchets biologiques"	"Collecteur d'urine, petit format"	2	"30/07/1971"	"USA"			25
332	"Apollo 15"	"Equipement technique et sanitaire"	"Déchets biologiques"	"Sac vomitoire"	6	"30/07/1971"	"USA"			26
333	"Apollo 15"	"Equipement technique et sanitaire"	"Déchets biologiques"	"Système de récupération d'urine"	1	"30/07/1971"	"USA"			27
334	"Apollo 15"	"Equipement technique et sanitaire"	"Equipement pour le repos"	"Harnais de couchage"	2	"30/07/1971"	"USA"			118
335	"Apollo 15"	"Equipement technique et sanitaire"	"Equipement pour le repos"	"Hamac"	1	"30/07/1971"	"USA"			122
336	"Apollo 15"	"Equipement technique et sanitaire"	"Equipement pour le repos"	"Hamac"	1	"30/07/1971"	"USA"			123
337	"Apollo 15"	"Equipement technique et sanitaire"	"Equipement pour le repos"	"Sangle pour l'harnais de couchage"	2	"30/07/1971"	"USA"			124
338	"Apollo 15"	"Equipement technique et sanitaire"	"Produit d'hygiène"	"Lingettes nettoyante usées"	9	"30/07/1971"	"USA"			24
339	"Apollo 15"	"Equipement technique et sanitaire"	"Produit d'hygiène"	"Brosse pour poussière lunaire"	1	"30/07/1971"	"USA"			23
340	"Apollo 15"	"Equipement technique et sanitaire"	"Textile"	"Sous-vêtement"	2	"30/07/1971"	"USA"			16
341	"Apollo 15"	"Equipement technique et sanitaire"	"Textile"	"Veste (ICG)"	2	"30/07/1971"	"USA"			17
342	"Apollo 15"	"Equipement technique et sanitaire"	"Textile"	"Pantalon (ICG)"	2	"30/07/1971"	"USA"			18
343	"Apollo 15"	"Equipement technique et sanitaire"	"Textile"	"Botte droite (ICG)"	2	"30/07/1971"	"USA"			19
344	"Apollo 15"	"Equipement technique et sanitaire"	"Textile"	"Botte gauche (ICG)"	2	"30/07/1971"	"USA"			20
345	"Apollo 15"	"Equipement technique et sanitaire"	"Textile"	"Serviette, bleu"	2	"30/07/1971"	"USA"			21
346	"Apollo 15"	"Equipement technique et sanitaire"	"Textile"	"Serviette, rouge "	2	"30/07/1971"	"USA"			22
347	"Apollo 15"	"Equipement technique et sanitaire"	"Transport et stockage"	"Rangement pour les cartouches de LiOH"	1	"30/07/1971"	"USA"			49
348	"Apollo 15"	"Equipement technique et sanitaire"	"Transport et stockage"	"Rangement de protection pour le LiOH"	4	"30/07/1971"	"USA"			50
349	"Apollo 15"	"Equipement technique et sanitaire"	"Transport et stockage"	"Câbles et attaches à la taille pour le LEC"	1	"30/07/1971"	"USA"			54
350	"Apollo 15"	"Equipement technique et sanitaire"	"Transport et stockage"	"Transporteur d'équipement lunaire (LEC)"	1	"30/07/1971"	"USA"			55
351	"Apollo 15"	"Equipement technique et sanitaire"	"Transport et stockage"	"Sac de stockage pour le LEC"	1	"30/07/1971"	"USA"			56
352	"Apollo 15"	"Equipement technique et sanitaire"	"Transport et stockage"	"Sac de déchets"	4	"30/07/1971"	"USA"			59
353	"Apollo 15"	"Equipement technique et sanitaire"	"Transport et stockage"	"Sac de stockage pour la ligne de sureté "	1	"30/07/1971"	"USA"			62
354	"Apollo 15"	"Equipement technique et sanitaire"	"Transport et stockage"	"Rangement pour le casque et la visière LEVA"	1	"30/07/1971"	"USA"			67
355	"Apollo 15"	"Equipement technique et sanitaire"	"Transport et stockage"	"Sac de rangement pour le Gnomon"	1	"30/07/1971"	"USA"			73
356	"Apollo 15"	"Equipement technique et sanitaire"	"Transport et stockage"	"Lot 1 de palette pour le transport d'équipement"	1	"30/07/1971"	"USA"			80
357	"Apollo 15"	"Equipement technique et sanitaire"	"Transport et stockage"	"Lot 2 de palette pour le transport d'équipement"	1	"30/07/1971"	"USA"			81
358	"Apollo 15"	"Equipement technique et sanitaire"	"Transport et stockage"	"Lot 4 de palette pour le transport d'équipement"	1	"30/07/1971"	"USA"			82
359	"Apollo 15"	"Equipement technique et sanitaire"	"Transport et stockage"	"Rangement pour SLSS Buddy"	1	"30/07/1971"	"USA"			83
360	"Apollo 15"	"Equipement technique et sanitaire"	"Transport et stockage"	"Mousse de rangement"	1	"30/07/1971"	"USA"			84
361	"Apollo 15"	"Equipement technique et sanitaire"	"Transport et stockage"	"Mousse de rangement"	1	"30/07/1971"	"USA"			85
362	"Apollo 15"	"Equipement technique et sanitaire"	"Transport et stockage"	"Lot de sangles"	1	"30/07/1971"	"USA"			86
363	"Apollo 15"	"Equipement technique et sanitaire"	"Transport et stockage"	"Palette de stockage pour le LRV"	1	"30/07/1971"	"USA"			87
364	"Apollo 15"	"Equipement technique et sanitaire"	"Transport et stockage"	"Palette de stockage Quad 3"	1	"30/07/1971"	"USA"			88
365	"Apollo 15"	"Equipement technique et sanitaire"	"Transport et stockage"	"Courroie d'attache"	1	"30/07/1971"	"USA"			89
366	"Apollo 15"	"Equipement technique et sanitaire"	"Transport et stockage"	"Sac de stockage pour les magazines des caméras"	1	"30/07/1971"	"USA"			91
367	"Apollo 15"	"Equipement technique et sanitaire"	"Transport et stockage"	"Lot 1 de palette de rangement pour ALSEP"	1	"30/07/1971"	"USA"			96
368	"Apollo 15"	"Equipement technique et sanitaire"	"Transport et stockage"	"Lot 2 de palette de rangement pour ALSEP"	1	"30/07/1971"	"USA"			100
369	"Apollo 15"	"Equipement technique et sanitaire"	"Transport et stockage"	"Système d'attaches et sangles pour la taille "	1	"30/07/1971"	"USA"			116
370	"Apollo 15"	"Objet symbolique"	"Document"	"Portrait de James Irwin"	1	"30/07/1971"	"USA"			10
371	"Apollo 15"	"Objet symbolique"	"Document"	"Bible"	1	"30/07/1971"	"USA"	"Laissée sur le LRV."		11
372	"Apollo 15"	"Objet symbolique"	"Document"	"Microfilm sur la mission Apollo 11"	1	"30/07/1971"	"USA"			12
373	"Apollo 15"	"Objet symbolique"	"Document"	"Document proclamant ""University of Michigan Alumni of the Moon"""	1	"30/07/1971"	"USA"			15
374	"Apollo 15"	"Objet symbolique"	"Drapeau "	"Drapeau USA et armature en aluminium"	1	"30/07/1971"	"USA"			6
375	"Apollo 15"	"Objet symbolique"	"Drapeau "	"Drapeau de l'US Marine Corps"	1	"30/07/1971"	"USA"			8
376	"Apollo 15"	"Objet symbolique"	"Autre"	"Sculpture et plaque Fallen Astronaut"	2	"30/07/1971"	"USA"			7
377	"Apollo 15"	"Objet symbolique"	"Autre"	"Plume de faucon"	1	"30/07/1971"	"USA"			9
378	"Apollo 15"	"Objet symbolique"	"Autre"	"Billet de 2$"	100	"30/07/1971"	"USA"			13
379	"Apollo 15"	"Objet symbolique"	"Autre"	"Kit personnel"	1	"30/07/1971"	"USA"	"Laissée sur le LRV."		14
380	"Luna 18"	"Véhicule spatial"	"Impacteur"	"Atterrisseur pour récupération d'échantillon Ye-8-5"	"Indéterminé"	"11/09/1971"	"URSS"	"Echec de l'atterrissage."		
381	"Luna 20 "	"Véhicule spatial"	"Atterrisseur "	"Etage de descente de l'atterrisseur Ye-8-5"	1	"21/02/1972"	"URSS"	"Récupération d'échantillon, forage à 90cm. "		
382	"Apollo 16"	"Véhicule spatial"	"Astromobile "	"Rover lunaire (LRV)"	1	"21/04/1972"	"USA"			3
383	"Apollo 16"	"Véhicule spatial"	"Atterrisseur "	"Etage de descente du module lunaire habité Orion"	1	"21/04/1972"	"USA"			2
384	"Apollo 16"	"Véhicule spatial"	"Impacteur"	"Etage de montée du module lunaire habité Orion"	"Indéterminé"	"21/04/1972"	"USA"			1
385	"Apollo 16"	"Equipement scientifique"	"Appareil audiovisuel"	"Filtre polarisant"	1	"21/04/1972"	"USA"			23
386	"Apollo 16"	"Equipement scientifique"	"Appareil audiovisuel"	"Caméra Hasselblad "	1	"21/04/1972"	"USA"			24
387	"Apollo 16"	"Equipement scientifique"	"Appareil audiovisuel"	"Objectif caméra 60mm"	2	"21/04/1972"	"USA"			25
388	"Apollo 16"	"Equipement scientifique"	"Appareil audiovisuel"	"Déclencheur électrique pour caméra Hasselblad"	2	"21/04/1972"	"USA"			26
389	"Apollo 16"	"Equipement scientifique"	"Appareil audiovisuel"	"Poignée électrique pour caméra Hasselblad"	2	"21/04/1972"	"USA"			27
390	"Apollo 16"	"Equipement scientifique"	"Appareil audiovisuel"	"Brosse pour les objectifs"	3	"21/04/1972"	"USA"			29
391	"Apollo 16"	"Equipement scientifique"	"Appareil audiovisuel"	"Appareil photo à pile 16mm avec son bloc d'alimentation"	1	"21/04/1972"	"USA"			30
392	"Apollo 16"	"Equipement scientifique"	"Appareil audiovisuel"	"Système pour la caméra de télévision, contrôlée depuis la Terre (GCTA)"	1	"21/04/1972"	"USA"	"Contient la caméra de télévision et ses accessoires "		45
393	"Apollo 16"	"Equipement scientifique"	"Appareil audiovisuel"	"Système de relai de communication (LCRU + accessoires)"	1	"21/04/1972"	"USA"			46
394	"Apollo 16"	"Equipement scientifique"	"Appareil audiovisuel"	"Bâton pour l'appareil photo 16mm"	1	"21/04/1972"	"USA"			47
395	"Apollo 16"	"Equipement scientifique"	"Appareil audiovisuel"	"Adaptateur pour Hasselblad 70mm"	1	"21/04/1972"	"USA"			49
396	"Apollo 16"	"Equipement scientifique"	"Appareil audiovisuel"	"Boucle pour le bâton pour l'appareil photo 16mm"	1	"21/04/1972"	"USA"			50
397	"Apollo 16"	"Equipement scientifique"	"Appareil audiovisuel"	"Gaine pour la boucle"	1	"21/04/1972"	"USA"			51
398	"Apollo 16"	"Equipement scientifique"	"Appareil audiovisuel"	"Parasol pour le GCTA"	1	"21/04/1972"	"USA"			52
399	"Apollo 16"	"Equipement scientifique"	"Appareil audiovisuel"	"Trépied pour caméra de télévision "	1	"21/04/1972"	"USA"			56
400	"Apollo 16"	"Equipement scientifique"	"Appareil audiovisuel"	"Appareil photo à pile 16mm"	1	"21/04/1972"	"USA"			103
401	"Apollo 16"	"Equipement scientifique"	"Appareil audiovisuel"	"Objectif 10mm pour appareil photo à pile"	1	"21/04/1972"	"USA"			104
402	"Apollo 16"	"Equipement scientifique"	"Appareil audiovisuel"	"Poignée électrique pour l'appareil photo à pile"	1	"21/04/1972"	"USA"			105
403	"Apollo 16"	"Equipement scientifique"	"Appareil audiovisuel"	"Bloc d'alimentation pour l'appareil photo 16mm"	1	"21/04/1972"	"USA"			106
404	"Apollo 16"	"Equipement scientifique"	"Appareil audiovisuel"	"Support de télécommande pour l'appareil photo à pile"	1	"21/04/1972"	"USA"			107
405	"Apollo 16"	"Equipement scientifique"	"Appareil audiovisuel"	"Caméra de télévision"	1	"21/04/1972"	"USA"			121
406	"Apollo 16"	"Equipement scientifique"	"Appareil audiovisuel"	"Objectif caméra 500mm"	1	"21/04/1972"	"USA"			122
407	"Apollo 16"	"Equipement scientifique"	"Appareil audiovisuel"	"Bague de visée "	1	"21/04/1972"	"USA"			123
408	"Apollo 16"	"Equipement scientifique"	"Appareil audiovisuel"	"Support pour caméra"	2	"21/04/1972"	"USA"			127
409	"Apollo 16"	"Equipement scientifique"	"Appareil audiovisuel"	"Couverture de protection réseau"	3	"21/04/1972"	"USA"			140
410	"Apollo 16"	"Equipement scientifique"	"Equipement pour EVA"	"Système d'attaches et sangles rétractable"	1	"21/04/1972"	"USA"			28
411	"Apollo 16"	"Equipement scientifique"	"Equipement pour EVA"	"Système d'attaches et sangles rétractable"	1	"21/04/1972"	"USA"			31
412	"Apollo 16"	"Equipement scientifique"	"Equipement pour EVA"	"Paire de botte lunaire"	2	"21/04/1972"	"USA"			32
413	"Apollo 16"	"Equipement scientifique"	"Equipement pour EVA"	"Ligne de sureté"	1	"21/04/1972"	"USA"			33
414	"Apollo 16"	"Equipement scientifique"	"Equipement pour EVA"	"Ensemble PLSS et EVCS"	1	"21/04/1972"	"USA"			34
415	"Apollo 16"	"Equipement scientifique"	"Equipement pour EVA"	"Ensemble PLSS et EVCS"	1	"21/04/1972"	"USA"			35
416	"Apollo 16"	"Equipement scientifique"	"Equipement pour EVA"	"Système de support de vie secondaire (SLSS Buddy)"	1	"21/04/1972"	"USA"			38
417	"Apollo 16"	"Equipement scientifique"	"Equipement pour EVA"	"Système pour l'hydratation intra-combinaison"	4	"21/04/1972"	"USA"			43
418	"Apollo 16"	"Equipement scientifique"	"Equipement pour EVA"	"Système pour l'alimentation intra-combinaison"	6	"21/04/1972"	"USA"			44
419	"Apollo 16"	"Equipement scientifique"	"Equipement pour EVA"	"Adaptateur OPS / SRC"	2	"21/04/1972"	"USA"			53
420	"Apollo 16"	"Equipement scientifique"	"Equipement pour EVA"	"Filtre pour l'ECS avec LiOH"	1	"21/04/1972"	"USA"			54
421	"Apollo 16"	"Equipement scientifique"	"Equipement pour EVA"	"Sangle pour l'ECS"	1	"21/04/1972"	"USA"			57
422	"Apollo 16"	"Equipement scientifique"	"Equipement pour EVA"	"Sangle pour le filtre LiOH"	1	"21/04/1972"	"USA"			58
423	"Apollo 16"	"Equipement scientifique"	"Equipement pour EVA"	"Filtre pour l'ECS avec LiOH"	1	"21/04/1972"	"USA"			70
424	"Apollo 16"	"Equipement scientifique"	"Equipement pour EVA"	"Vêtement de refroidissement"	1	"21/04/1972"	"USA"			125
425	"Apollo 16"	"Equipement scientifique"	"Equipement pour EVA"	"Console de contrôle du PLSS (RCU)"	2	"21/04/1972"	"USA"			126
426	"Apollo 16"	"Equipement scientifique"	"Equipement pour EVA"	"Filtre avec cartouche de LiOH du PLSS"	4	"21/04/1972"	"USA"			130
427	"Apollo 16"	"Equipement scientifique"	"Equipement pour EVA"	"Batteries pour PLSS"	4	"21/04/1972"	"USA"			131
428	"Apollo 16"	"Equipement scientifique"	"Equipement pour EVA"	"Ligne de sureté"	1	"21/04/1972"	"USA"			134
429	"Apollo 16"	"Equipement scientifique"	"Equipement pour EVA"	"Système d'attaches et sangles pour la taille, gauche"	1	"21/04/1972"	"USA"			136
430	"Apollo 16"	"Equipement scientifique"	"Equipement pour EVA"	"Système d'attaches et sangles pour la taille, droite"	1	"21/04/1972"	"USA"			137
431	"Apollo 16"	"Equipement scientifique"	"Equipement pour EVA"	"Ligne de sureté"	1	"21/04/1972"	"USA"			139
432	"Apollo 16"	"Equipement scientifique"	"Instrument scientifique"	"Station centrale de l'ALSEP"	1	"21/04/1972"	"USA"			22
433	"Apollo 16"	"Equipement scientifique"	"Instrument scientifique"	"Adaptateur pour le LGC"	2	"21/04/1972"	"USA"			37
434	"Apollo 16"	"Equipement scientifique"	"Instrument scientifique"	"Sangle pour le LCRU"	1	"21/04/1972"	"USA"			41
435	"Apollo 16"	"Equipement scientifique"	"Instrument scientifique"	"Support de carte pour LRV"	1	"21/04/1972"	"USA"			48
436	"Apollo 16"	"Equipement scientifique"	"Instrument scientifique"	"Ensemble de montage pour le combustible nucléaire du RTG"	1	"21/04/1972"	"USA"			80
437	"Apollo 16"	"Equipement scientifique"	"Instrument scientifique"	"Combustible nucléaire"	1	"21/04/1972"	"USA"			81
438	"Apollo 16"	"Equipement scientifique"	"Instrument scientifique"	"Capsule pour le combustible"	1	"21/04/1972"	"USA"			82
439	"Apollo 16"	"Equipement scientifique"	"Instrument scientifique"	"Détecteur de rayonnement cosmique"	1	"21/04/1972"	"USA"			88
440	"Apollo 16"	"Equipement scientifique"	"Instrument scientifique"	"Magnétomètre lunaire portable"	1	"21/04/1972"	"USA"			89
441	"Apollo 16"	"Equipement scientifique"	"Instrument scientifique"	"Caméra UV"	1	"21/04/1972"	"USA"			91
442	"Apollo 16"	"Equipement scientifique"	"Instrument scientifique"	"Pénètromètre auto-enregistrer"	1	"21/04/1972"	"USA"			93
443	"Apollo 16"	"Equipement scientifique"	"Instrument scientifique"	"Tige d'alésage, bas"	2	"21/04/1972"	"USA"			96
444	"Apollo 16"	"Equipement scientifique"	"Instrument scientifique"	"Tige d'alésage, haut"	4	"21/04/1972"	"USA"			97
445	"Apollo 16"	"Equipement scientifique"	"Instrument scientifique"	"Noyau en Teflon"	1	"21/04/1972"	"USA"			101
446	"Apollo 16"	"Equipement scientifique"	"Instrument scientifique"	"Noyau en Teflon"	1	"21/04/1972"	"USA"			102
447	"Apollo 16"	"Equipement scientifique"	"Instrument scientifique"	"Sismomètre passif (PSE)"	1	"21/04/1972"	"USA"			108
448	"Apollo 16"	"Equipement scientifique"	"Instrument scientifique"	"Sismomètre actif (ASE)"	1	"21/04/1972"	"USA"			109
449	"Apollo 16"	"Equipement scientifique"	"Instrument scientifique"	"Appareil de mesure des flux thermiques"	1	"21/04/1972"	"USA"			110
450	"Apollo 16"	"Equipement scientifique"	"Instrument scientifique"	"Générateur thermique à radioisotope (RTG)"	1	"21/04/1972"	"USA"			112
451	"Apollo 16"	"Equipement scientifique"	"Instrument scientifique"	"Ancre pour le câble de l'ASE"	1	"21/04/1972"	"USA"			114
452	"Apollo 16"	"Equipement scientifique"	"Instrument scientifique"	"Magnétomètre de la surface lunaire LSM"	1	"21/04/1972"	"USA"			115
453	"Apollo 16"	"Equipement scientifique"	"Instrument scientifique"	"Large base"	1	"21/04/1972"	"USA"			116
454	"Apollo 16"	"Equipement scientifique"	"Instrument scientifique"	"Cône .20"	1	"21/04/1972"	"USA"			117
455	"Apollo 16"	"Equipement scientifique"	"Instrument scientifique"	"Lot de cône"	1	"21/04/1972"	"USA"			118
456	"Apollo 16"	"Equipement scientifique"	"Instrument scientifique"	"Lot de couvercle"	1	"21/04/1972"	"USA"			119
457	"Apollo 16"	"Equipement scientifique"	"Instrument scientifique"	"Cône .5"	1	"21/04/1972"	"USA"			120
458	"Apollo 16"	"Equipement scientifique"	"Outil"	"Transporteur à outils PLSS"	1	"21/04/1972"	"USA"			39
459	"Apollo 16"	"Equipement scientifique"	"Outil"	"Transporteur à outils PLSS"	1	"21/04/1972"	"USA"			40
460	"Apollo 16"	"Equipement scientifique"	"Outil"	"Dispositif en étau pour les mèches de la perceuse"	1	"21/04/1972"	"USA"			68
461	"Apollo 16"	"Equipement scientifique"	"Outil"	"Manche télescopique "	2	"21/04/1972"	"USA"			85
462	"Apollo 16"	"Equipement scientifique"	"Outil"	"Tongs (32inch)"	2	"21/04/1972"	"USA"			86
463	"Apollo 16"	"Equipement scientifique"	"Outil"	"Gnomon"	1	"21/04/1972"	"USA"			87
464	"Apollo 16"	"Equipement scientifique"	"Outil"	"Porte-outil avec outils de géologie lunaire"	1	"21/04/1972"	"USA"			90
465	"Apollo 16"	"Equipement scientifique"	"Outil"	"Perceuse"	1	"21/04/1972"	"USA"			92
466	"Apollo 16"	"Equipement scientifique"	"Outil"	"Porte-accessoire pour le pénètromètre "	1	"21/04/1972"	"USA"			94
467	"Apollo 16"	"Equipement scientifique"	"Outil"	"Râteau pour échantillon lunaire"	1	"21/04/1972"	"USA"			95
468	"Apollo 16"	"Equipement scientifique"	"Outil"	"Mèches solides pour tige d'alésage"	2	"21/04/1972"	"USA"			98
469	"Apollo 16"	"Equipement scientifique"	"Outil"	"Mèche ouverte pour le noyau"	1	"21/04/1972"	"USA"			99
470	"Apollo 16"	"Equipement scientifique"	"Outil"	"Réducteur de noyau"	1	"21/04/1972"	"USA"			100
471	"Apollo 16"	"Equipement scientifique"	"Outil"	"Outil de nivellement pour PSE"	1	"21/04/1972"	"USA"			111
472	"Apollo 16"	"Equipement scientifique"	"Outil"	"Outil de déploiement pour l'ALSEP"	1	"21/04/1972"	"USA"			113
473	"Apollo 16"	"Equipement technique et sanitaire"	"Alimentaire"	"Ration de nourriture scellé"	1	"21/04/1972"	"USA"			142
474	"Apollo 16"	"Equipement technique et sanitaire"	"Alimentaire"	"Ration de nourriture scellé"	1	"21/04/1972"	"USA"			143
475	"Apollo 16"	"Equipement technique et sanitaire"	"Alimentaire"	"Ration de nourriture scellé"	1	"21/04/1972"	"USA"			144
476	"Apollo 16"	"Equipement technique et sanitaire"	"Déchets biologiques"	"Appareil de collecte de déjection"	1	"21/04/1972"	"USA"			9
477	"Apollo 16"	"Equipement technique et sanitaire"	"Déchets biologiques"	"Collecteur d'urine, petit format"	1	"21/04/1972"	"USA"			19
478	"Apollo 16"	"Equipement technique et sanitaire"	"Déchets biologiques"	"Sac vomitoire"	1	"21/04/1972"	"USA"			20
479	"Apollo 16"	"Equipement technique et sanitaire"	"Déchets biologiques"	"Système de récupération d'urine"	1	"21/04/1972"	"USA"			21
480	"Apollo 16"	"Equipement technique et sanitaire"	"Equipement pour le repos"	"Hamac"	1	"21/04/1972"	"USA"			62
481	"Apollo 16"	"Equipement technique et sanitaire"	"Equipement pour le repos"	"Hamac"	1	"21/04/1972"	"USA"			63
482	"Apollo 16"	"Equipement technique et sanitaire"	"Equipement pour le repos"	"Harnais de couchage"	2	"21/04/1972"	"USA"			141
483	"Apollo 16"	"Equipement technique et sanitaire"	"Equipement pour le repos"	"Sangle pour l'harnais de couchage"	2	"21/04/1972"	"USA"			145
484	"Apollo 16"	"Equipement technique et sanitaire"	"Produit d'hygiène"	"Boîte de mouchoirs"	1	"21/04/1972"	"USA"			10
485	"Apollo 16"	"Equipement technique et sanitaire"	"Produit d'hygiène"	"Lingette humide pour le visage"	1	"21/04/1972"	"USA"			18
486	"Apollo 16"	"Equipement technique et sanitaire"	"Produit d'hygiène"	"Brosse pour poussière lunaire"	1	"21/04/1972"	"USA"			17
487	"Apollo 16"	"Equipement technique et sanitaire"	"Textile"	"Ensemble de serviette"	1	"21/04/1972"	"USA"			8
488	"Apollo 16"	"Equipement technique et sanitaire"	"Textile"	"Veste (ICG)"	2	"21/04/1972"	"USA"			11
489	"Apollo 16"	"Equipement technique et sanitaire"	"Textile"	"Pantalon (ICG)"	2	"21/04/1972"	"USA"			12
490	"Apollo 16"	"Equipement technique et sanitaire"	"Textile"	"Botte droite (ICG)"	2	"21/04/1972"	"USA"			13
491	"Apollo 16"	"Equipement technique et sanitaire"	"Textile"	"Botte gauche (ICG)"	2	"21/04/1972"	"USA"			14
492	"Apollo 16"	"Equipement technique et sanitaire"	"Textile"	"Serviette, bleu"	2	"21/04/1972"	"USA"			15
493	"Apollo 16"	"Equipement technique et sanitaire"	"Textile"	"Serviette, rouge "	2	"21/04/1972"	"USA"			16
494	"Apollo 16"	"Equipement technique et sanitaire"	"Transport et stockage"	"Sac de déchets"	4	"21/04/1972"	"USA"			36
495	"Apollo 16"	"Equipement technique et sanitaire"	"Transport et stockage"	"Rangement pour le casque et la visière LEVA"	1	"21/04/1972"	"USA"			42
496	"Apollo 16"	"Equipement technique et sanitaire"	"Transport et stockage"	"Sac pour le transfert d'équipement"	1	"21/04/1972"	"USA"			55
497	"Apollo 16"	"Equipement technique et sanitaire"	"Transport et stockage"	"Lot 1 de palette pour le transport d'équipement"	1	"21/04/1972"	"USA"			59
498	"Apollo 16"	"Equipement technique et sanitaire"	"Transport et stockage"	"Lot 2 de palette pour le transport d'équipement"	1	"21/04/1972"	"USA"			60
499	"Apollo 16"	"Equipement technique et sanitaire"	"Transport et stockage"	"Lot 4 de palette pour le transport d'équipement"	1	"21/04/1972"	"USA"			61
500	"Apollo 16"	"Equipement technique et sanitaire"	"Transport et stockage"	"Rangement pour SLSS Buddy"	1	"21/04/1972"	"USA"			64
501	"Apollo 16"	"Equipement technique et sanitaire"	"Transport et stockage"	"Palette de stockage pour le LRV"	1	"21/04/1972"	"USA"			65
502	"Apollo 16"	"Equipement technique et sanitaire"	"Transport et stockage"	"Palette de stockage Quad 3"	1	"21/04/1972"	"USA"			66
503	"Apollo 16"	"Equipement technique et sanitaire"	"Transport et stockage"	"Courroie d'attache"	1	"21/04/1972"	"USA"			67
504	"Apollo 16"	"Equipement technique et sanitaire"	"Transport et stockage"	"Rangement pour le système 500mm"	1	"21/04/1972"	"USA"			69
505	"Apollo 16"	"Equipement technique et sanitaire"	"Transport et stockage"	"Rangement pour les tiges d'alésage et leurs noyau"	1	"21/04/1972"	"USA"			71
506	"Apollo 16"	"Equipement technique et sanitaire"	"Transport et stockage"	"Couvercle pour le rangement des tiges d'alésage et leurs noyau"	1	"21/04/1972"	"USA"			72
507	"Apollo 16"	"Equipement technique et sanitaire"	"Transport et stockage"	"Dispositif de maintien, bas"	1	"21/04/1972"	"USA"			73
508	"Apollo 16"	"Equipement technique et sanitaire"	"Transport et stockage"	"Dispositif de maintien, haut"	1	"21/04/1972"	"USA"			74
509	"Apollo 16"	"Equipement technique et sanitaire"	"Transport et stockage"	"Couvercle pour le dispositif de maintien"	1	"21/04/1972"	"USA"			75
510	"Apollo 16"	"Equipement technique et sanitaire"	"Transport et stockage"	"Entretoise"	1	"21/04/1972"	"USA"			76
511	"Apollo 16"	"Equipement technique et sanitaire"	"Transport et stockage"	"Entretoise"	1	"21/04/1972"	"USA"			77
512	"Apollo 16"	"Equipement technique et sanitaire"	"Transport et stockage"	"Rangement pour le parasol du GCTA"	1	"21/04/1972"	"USA"			78
513	"Apollo 16"	"Equipement technique et sanitaire"	"Transport et stockage"	"Sangle pour le parasol du GCTA"	1	"21/04/1972"	"USA"			79
514	"Apollo 16"	"Equipement technique et sanitaire"	"Transport et stockage"	"Lot 1 de palette de rangement pour ALSEP"	1	"21/04/1972"	"USA"			83
515	"Apollo 16"	"Equipement technique et sanitaire"	"Transport et stockage"	"Lot 2 de palette de rangement pour ALSEP"	1	"21/04/1972"	"USA"			84
516	"Apollo 16"	"Equipement technique et sanitaire"	"Transport et stockage"	"Etagère provisoire pour le rangement"	1	"21/04/1972"	"USA"			124
517	"Apollo 16"	"Equipement technique et sanitaire"	"Transport et stockage"	"Rangement pour les cartouches de LiOH"	4	"21/04/1972"	"USA"			128
518	"Apollo 16"	"Equipement technique et sanitaire"	"Transport et stockage"	"Rangement de protection pour le LiOH"	4	"21/04/1972"	"USA"			129
519	"Apollo 16"	"Equipement technique et sanitaire"	"Transport et stockage"	"Système d'attaches et sangles pour la taille (LEC)"	1	"21/04/1972"	"USA"			132
520	"Apollo 16"	"Equipement technique et sanitaire"	"Transport et stockage"	"Sac de stockage pour le LEC"	1	"21/04/1972"	"USA"			133
521	"Apollo 16"	"Equipement technique et sanitaire"	"Transport et stockage"	"Sac de stockage pour la ligne de sureté "	1	"21/04/1972"	"USA"			135
522	"Apollo 16"	"Equipement technique et sanitaire"	"Transport et stockage"	"Sangle"	2	"21/04/1972"	"USA"			138
523	"Apollo 16"	"Objet symbolique"	"Drapeau "	"Drapeau USA et armature en aluminium"	1	"21/04/1972"	"USA"			4
524	"Apollo 16"	"Objet symbolique"	"Document"	"Portrait de famille de Charles Duke"	1	"21/04/1972"	"USA"			5
525	"Apollo 16"	"Objet symbolique"	"Distinction"	"Médaillon pour les 25 ans de l'US Air Force"	1	"21/04/1972"	"USA"			6
526	"Apollo 16"	"Objet symbolique"	"Autre"	"Pince à cravate"	1	"21/04/1972"	"USA"			7
527	"Apollo 16"	"Véhicule spatial"	"Impacteur"	"Sonde orbitale PFS-2"	"Indéterminé"	"29/05/1972"	"USA"			146
528	"Luna 19"	"Véhicule spatial"	"Impacteur"	"Sonde orbitale lourde Ye-8LS"	"Indéterminé"	"03/10/1972"	"URSS"			
529	"Apollo 17"	"Véhicule spatial"	"Astromobile "	"Rover lunaire (LRV)"	1	"11/12/1972"	"USA"			4
530	"Apollo 17"	"Véhicule spatial"	"Atterrisseur "	"Etage de descente du module lunaire habité Challenger"	1	"11/12/1972"	"USA"			2
531	"Apollo 17"	"Véhicule spatial"	"Impacteur"	"Troisième étage de la fusée Saturne V (S-IVB)"	1	"11/12/1972"	"USA"			1
532	"Apollo 17"	"Véhicule spatial"	"Impacteur"	"Etage de montée du module lunaire habité Challenger"	1	"11/12/1972"	"USA"			3
533	"Apollo 17"	"Equipement scientifique"	"Appareil audiovisuel"	"Filtre polarisant"	1	"11/12/1972"	"USA"			32
534	"Apollo 17"	"Equipement scientifique"	"Appareil audiovisuel"	"Caméra Hasselblad"	2	"11/12/1972"	"USA"			33
535	"Apollo 17"	"Equipement scientifique"	"Appareil audiovisuel"	"Objectif caméra 60mm"	2	"11/12/1972"	"USA"			34
536	"Apollo 17"	"Equipement scientifique"	"Appareil audiovisuel"	"Adaptateur pour support d'appareil photo 16mm"	1	"11/12/1972"	"USA"			35
537	"Apollo 17"	"Equipement scientifique"	"Appareil audiovisuel"	"Déclencheur électrique pour caméra Hasselblad"	2	"11/12/1972"	"USA"			36
538	"Apollo 17"	"Equipement scientifique"	"Appareil audiovisuel"	"Poignée électrique pour caméra Hasselblad"	2	"11/12/1972"	"USA"			37
539	"Apollo 17"	"Equipement scientifique"	"Appareil audiovisuel"	"Brosse pour les objectifs"	3	"11/12/1972"	"USA"			39
540	"Apollo 17"	"Equipement scientifique"	"Appareil audiovisuel"	"Caméra de télévision"	1	"11/12/1972"	"USA"			40
541	"Apollo 17"	"Equipement scientifique"	"Appareil audiovisuel"	"Objectif caméra 500mm"	1	"11/12/1972"	"USA"			41
542	"Apollo 17"	"Equipement scientifique"	"Appareil audiovisuel"	"Bague de visée "	1	"11/12/1972"	"USA"			42
543	"Apollo 17"	"Equipement scientifique"	"Appareil audiovisuel"	"Support pour caméra"	2	"11/12/1972"	"USA"			45
544	"Apollo 17"	"Equipement scientifique"	"Appareil audiovisuel"	"Système pour la caméra de télévision, contrôlée depuis la Terre (GCTA)"	1	"11/12/1972"	"USA"			79
545	"Apollo 17"	"Equipement scientifique"	"Appareil audiovisuel"	"Caméra de télévision couleur"	1	"11/12/1972"	"USA"			80
546	"Apollo 17"	"Equipement scientifique"	"Appareil audiovisuel"	"Unité de contrôle pour la caméra de télévision"	1	"11/12/1972"	"USA"			81
547	"Apollo 17"	"Equipement scientifique"	"Appareil audiovisuel"	" Relai de communication "	1	"11/12/1972"	"USA"			83
548	"Apollo 17"	"Equipement scientifique"	"Appareil audiovisuel"	"Système de relai de communication (LCRU)"	1	"11/12/1972"	"USA"			84
549	"Apollo 17"	"Equipement scientifique"	"Appareil audiovisuel"	"Elément auxiliaire du LCRU"	1	"11/12/1972"	"USA"			85
550	"Apollo 17"	"Equipement scientifique"	"Appareil audiovisuel"	"Batteries pour le LCRU"	2	"11/12/1972"	"USA"			86
551	"Apollo 17"	"Equipement scientifique"	"Appareil audiovisuel"	"Antenne, Hi-gain"	1	"11/12/1972"	"USA"			87
552	"Apollo 17"	"Equipement scientifique"	"Appareil audiovisuel"	"Antenne, Lo-gain"	1	"11/12/1972"	"USA"			88
553	"Apollo 17"	"Equipement scientifique"	"Appareil audiovisuel"	"Ressort pour la nacelle du TCU"	1	"11/12/1972"	"USA"			89
554	"Apollo 17"	"Equipement scientifique"	"Appareil audiovisuel"	"Adaptateur pour Hasselblad 70mm"	2	"11/12/1972"	"USA"			90
555	"Apollo 17"	"Equipement scientifique"	"Appareil audiovisuel"	"Gaine pour la boucle"	1	"11/12/1972"	"USA"			91
556	"Apollo 17"	"Equipement scientifique"	"Appareil audiovisuel"	"Parasol pour le GCTA"	1	"11/12/1972"	"USA"			92
557	"Apollo 17"	"Equipement scientifique"	"Appareil audiovisuel"	"Couverture de protection réseau"	3	"11/12/1972"	"USA"			157
558	"Apollo 17"	"Equipement scientifique"	"Equipement pour EVA"	"Système d'attaches et sangles rétractable"	1	"11/12/1972"	"USA"			38
559	"Apollo 17"	"Equipement scientifique"	"Equipement pour EVA"	"Console de contrôle du PLSS (RCU)"	2	"11/12/1972"	"USA"			44
560	"Apollo 17"	"Equipement scientifique"	"Equipement pour EVA"	"Cartouche de LiOH pour les PLSS"	4	"11/12/1972"	"USA"			48
561	"Apollo 17"	"Equipement scientifique"	"Equipement pour EVA"	"Paire de gants EV"	2	"11/12/1972"	"USA"			49
562	"Apollo 17"	"Equipement scientifique"	"Equipement pour EVA"	"Paire de botte lunaire"	2	"11/12/1972"	"USA"			50
563	"Apollo 17"	"Equipement scientifique"	"Equipement pour EVA"	"Système d'attaches et sangles pour la taille"	1	"11/12/1972"	"USA"			51
564	"Apollo 17"	"Equipement scientifique"	"Equipement pour EVA"	"Ligne de remontée"	1	"11/12/1972"	"USA"			52
565	"Apollo 17"	"Equipement scientifique"	"Equipement pour EVA"	"Ensemble PLSS et EVCS"	1	"11/12/1972"	"USA"			53
566	"Apollo 17"	"Equipement scientifique"	"Equipement pour EVA"	"Système de support de vie (PLSS)"	1	"11/12/1972"	"USA"			54
567	"Apollo 17"	"Equipement scientifique"	"Equipement pour EVA"	"Système de communication extravéhiculaire (EVCS)"	1	"11/12/1972"	"USA"			55
568	"Apollo 17"	"Equipement scientifique"	"Equipement pour EVA"	"Batteries pour PLSS"	1	"11/12/1972"	"USA"			56
569	"Apollo 17"	"Equipement scientifique"	"Equipement pour EVA"	"Filtre avec cartouche de LiOH du PLSS"	1	"11/12/1972"	"USA"			57
570	"Apollo 17"	"Equipement scientifique"	"Equipement pour EVA"	"Couvercle pour le connecteur de gaz"	1	"11/12/1972"	"USA"			58
571	"Apollo 17"	"Equipement scientifique"	"Equipement pour EVA"	"Couvercle pour le MWC"	1	"11/12/1972"	"USA"			59
572	"Apollo 17"	"Equipement scientifique"	"Equipement pour EVA"	"Couvercle pour les connecteurs électriques"	1	"11/12/1972"	"USA"			60
573	"Apollo 17"	"Equipement scientifique"	"Equipement pour EVA"	"Ensemble PLSS et EVCS"	1	"11/12/1972"	"USA"			61
574	"Apollo 17"	"Equipement scientifique"	"Equipement pour EVA"	"Système de support de vie (PLSS)"	1	"11/12/1972"	"USA"			62
575	"Apollo 17"	"Equipement scientifique"	"Equipement pour EVA"	"Système de communication extravéhiculaire (EVCS)"	1	"11/12/1972"	"USA"			63
576	"Apollo 17"	"Equipement scientifique"	"Equipement pour EVA"	"Batteries pour PLSS"	1	"11/12/1972"	"USA"			64
577	"Apollo 17"	"Equipement scientifique"	"Equipement pour EVA"	"Filtre avec cartouche de LiOH du PLSS"	1	"11/12/1972"	"USA"			65
578	"Apollo 17"	"Equipement scientifique"	"Equipement pour EVA"	"Couvercle pour le connecteur de gaz"	1	"11/12/1972"	"USA"			66
579	"Apollo 17"	"Equipement scientifique"	"Equipement pour EVA"	"Couvercle pour le MWC"	1	"11/12/1972"	"USA"			67
580	"Apollo 17"	"Equipement scientifique"	"Equipement pour EVA"	"Couvercle pour les connecteurs électriques"	1	"11/12/1972"	"USA"			68
581	"Apollo 17"	"Equipement scientifique"	"Equipement pour EVA"	"Système pour l'hydratation intra-combinaison"	4	"11/12/1972"	"USA"			71
582	"Apollo 17"	"Equipement scientifique"	"Equipement pour EVA"	"Système de support de vie secondaire (SLSS Buddy)"	1	"11/12/1972"	"USA"			72
583	"Apollo 17"	"Equipement scientifique"	"Equipement pour EVA"	"Adaptateur OPS / SRC"	2	"11/12/1972"	"USA"			97
584	"Apollo 17"	"Equipement scientifique"	"Equipement pour EVA"	"Filtre pour l'ECS avec LiOH"	1	"11/12/1972"	"USA"			98
585	"Apollo 17"	"Equipement scientifique"	"Equipement pour EVA"	"Sangle pour l'ECS"	1	"11/12/1972"	"USA"			99
586	"Apollo 17"	"Equipement scientifique"	"Equipement pour EVA"	"Sangle pour le filtre LiOH"	1	"11/12/1972"	"USA"			100
587	"Apollo 17"	"Equipement scientifique"	"Equipement pour EVA"	"Filtre pour l'ECS avec LiOH"	1	"11/12/1972"	"USA"			110
588	"Apollo 17"	"Equipement scientifique"	"Equipement pour EVA"	"Batteries pour PLSS"	4	"11/12/1972"	"USA"			153
589	"Apollo 17"	"Equipement scientifique"	"Equipement pour EVA"	"Vêtement de refroidissement"	2	"11/12/1972"	"USA"			156
590	"Apollo 17"	"Equipement scientifique"	"Instrument scientifique"	"Station centrale de l'ALSEP"	1	"11/12/1972"	"USA"			31
591	"Apollo 17"	"Equipement scientifique"	"Instrument scientifique"	"Adaptateur pour le LGC"	2	"11/12/1972"	"USA"			70
592	"Apollo 17"	"Equipement scientifique"	"Instrument scientifique"	"Sangle pour le LCRU"	1	"11/12/1972"	"USA"			75
593	"Apollo 17"	"Equipement scientifique"	"Instrument scientifique"	"Bâton accessoire pour le LRV"	1	"11/12/1972"	"USA"			93
594	"Apollo 17"	"Equipement scientifique"	"Instrument scientifique"	"Boucle pour le support de carte du LRV"	1	"11/12/1972"	"USA"			94
595	"Apollo 17"	"Equipement scientifique"	"Instrument scientifique"	"Support de carte du LRV"	1	"11/12/1972"	"USA"			95
596	"Apollo 17"	"Equipement scientifique"	"Instrument scientifique"	"Sonde à neutron"	1	"11/12/1972"	"USA"			120
597	"Apollo 17"	"Equipement scientifique"	"Instrument scientifique"	"Ensemble de montage pour le combustible nucléaire du RTG"	1	"11/12/1972"	"USA"			121
598	"Apollo 17"	"Equipement scientifique"	"Instrument scientifique"	"Combustible nucléaire"	1	"11/12/1972"	"USA"			122
599	"Apollo 17"	"Equipement scientifique"	"Instrument scientifique"	"Capsule pour le combustible"	1	"11/12/1972"	"USA"			123
600	"Apollo 17"	"Equipement scientifique"	"Instrument scientifique"	"Expérience de mesure du profil sismique lunaire"	1	"11/12/1972"	"USA"			125
601	"Apollo 17"	"Equipement scientifique"	"Instrument scientifique"	"Spectromètre de masse lunaire"	1	"11/12/1972"	"USA"			126
602	"Apollo 17"	"Equipement scientifique"	"Instrument scientifique"	"Gravimètre de la surface lunaire"	1	"11/12/1972"	"USA"			127
603	"Apollo 17"	"Equipement scientifique"	"Instrument scientifique"	"Appareil de mesure des flux thermiques"	1	"11/12/1972"	"USA"			129
604	"Apollo 17"	"Equipement scientifique"	"Instrument scientifique"	"Générateur thermique à radioisotope (RTG)"	1	"11/12/1972"	"USA"			130
605	"Apollo 17"	"Equipement scientifique"	"Instrument scientifique"	"Appareil pour l'expérience micrométéorite lunaire"	1	"11/12/1972"	"USA"			132
606	"Apollo 17"	"Equipement scientifique"	"Instrument scientifique"	"Transmetteur"	1	"11/12/1972"	"USA"			139
607	"Apollo 17"	"Equipement scientifique"	"Instrument scientifique"	"Receveur"	1	"11/12/1972"	"USA"			140
608	"Apollo 17"	"Equipement scientifique"	"Instrument scientifique"	"Gravimètre traverse"	1	"11/12/1972"	"USA"			141
609	"Apollo 17"	"Equipement scientifique"	"Instrument scientifique"	"Tige d'alésage, bas"		"11/12/1972"	"USA"			144
610	"Apollo 17"	"Equipement scientifique"	"Instrument scientifique"	"Tige d'alésage, haut"		"11/12/1972"	"USA"			145
611	"Apollo 17"	"Equipement scientifique"	"Instrument scientifique"	"Noyau en Teflon"	1	"11/12/1972"	"USA"			151
612	"Apollo 17"	"Equipement scientifique"	"Instrument scientifique"	"Instrument scientifique"	1	"11/12/1972"	"USA"			152
613	"Apollo 17"	"Equipement scientifique"	"Outil"	"Transporteur à outils PLSS"	1	"11/12/1972"	"USA"			73
614	"Apollo 17"	"Equipement scientifique"	"Outil"	"Transporteur à outils PLSS"	1	"11/12/1972"	"USA"			74
615	"Apollo 17"	"Equipement scientifique"	"Outil"	"Kit de réparation pour antenne"	1	"11/12/1972"	"USA"			77
616	"Apollo 17"	"Equipement scientifique"	"Outil"	"Cordon à enfiler"	1	"11/12/1972"	"USA"			78
617	"Apollo 17"	"Equipement scientifique"	"Outil"	"Boucle pour adaptateur"	1	"11/12/1972"	"USA"			96
618	"Apollo 17"	"Equipement scientifique"	"Outil"	"Dispositif en étau pour les mèches de la perceuse"	1	"11/12/1972"	"USA"			108
619	"Apollo 17"	"Equipement scientifique"	"Outil"	"Outil de déploiement pour l'ALSEP"	1	"11/12/1972"	"USA"			131
620	"Apollo 17"	"Equipement scientifique"	"Outil"	"Manche télescopique "	2	"11/12/1972"	"USA"			133
621	"Apollo 17"	"Equipement scientifique"	"Outil"	"Tongs"	2	"11/12/1972"	"USA"			134
622	"Apollo 17"	"Equipement scientifique"	"Outil"	"Gnomon"	1	"11/12/1972"	"USA"			135
623	"Apollo 17"	"Equipement scientifique"	"Outil"	"Pelle pour récupération d'échantillon, large"		"11/12/1972"	"USA"			136
624	"Apollo 17"	"Equipement scientifique"	"Outil"	"Marteau"		"11/12/1972"	"USA"			137
625	"Apollo 17"	"Equipement scientifique"	"Outil"	"Outil d'entraînement"	1	"11/12/1972"	"USA"			138
626	"Apollo 17"	"Equipement scientifique"	"Outil"	"Perceuse"	1	"11/12/1972"	"USA"			142
627	"Apollo 17"	"Equipement scientifique"	"Outil"	"Râteau pour échantillon lunaire"		"11/12/1972"	"USA"			143
628	"Apollo 17"	"Equipement scientifique"	"Outil"	"Mèches solides pour tige d'alésage"	2	"11/12/1972"	"USA"			148
629	"Apollo 17"	"Equipement scientifique"	"Outil"	"Réducteur de noyau"	1	"11/12/1972"	"USA"			149
630	"Apollo 17"	"Equipement scientifique"	"Outil"	"Outil d'échantillonnage"	1	"11/12/1972"	"USA"			150
631	"Apollo 17"	"Equipement technique et sanitaire"	"Alimentaire"	"Ration de nourriture scellé"	1	"11/12/1972"	"USA"			159
632	"Apollo 17"	"Equipement technique et sanitaire"	"Alimentaire"	"Ration de nourriture scellé"	1	"11/12/1972"	"USA"			160
633	"Apollo 17"	"Equipement technique et sanitaire"	"Alimentaire"	"Ration de nourriture scellé"	1	"11/12/1972"	"USA"			161
634	"Apollo 17"	"Equipement technique et sanitaire"	"Déchets biologiques"	"Appareil de collecte de déjection"	2	"11/12/1972"	"USA"			8
635	"Apollo 17"	"Equipement technique et sanitaire"	"Déchets biologiques"	"Collecteur d'urine, petit format"	1	"11/12/1972"	"USA"			23
636	"Apollo 17"	"Equipement technique et sanitaire"	"Déchets biologiques"	"Sac vomitoire"	1	"11/12/1972"	"USA"			24
637	"Apollo 17"	"Equipement technique et sanitaire"	"Déchets biologiques"	"Système de récupération d'urine"	1	"11/12/1972"	"USA"			26
638	"Apollo 17"	"Equipement technique et sanitaire"	"Equipement pour le repos"	"Harnais de couchage"		"11/12/1972"	"USA"			17
639	"Apollo 17"	"Equipement technique et sanitaire"	"Equipement pour le repos"	"Hamac"	1	"11/12/1972"	"USA"			27
640	"Apollo 17"	"Equipement technique et sanitaire"	"Equipement pour le repos"	"Hamac"	1	"11/12/1972"	"USA"			28
641	"Apollo 17"	"Equipement technique et sanitaire"	"Equipement pour le repos"	"Sangle pour l'harnais de couchage"	2	"11/12/1972"	"USA"			29
642	"Apollo 17"	"Equipement technique et sanitaire"	"Equipement pour le repos"	"Bouchons d'oreilles dans leurs pochette d'emballage"	1	"11/12/1972"	"USA"			30
643	"Apollo 17"	"Equipement technique et sanitaire"	"Produit d'hygiène"	"Boîte de mouchoirs"	1	"11/12/1972"	"USA"			9
644	"Apollo 17"	"Equipement technique et sanitaire"	"Produit d'hygiène"	"Kit personnel pour l'hygiène"	1	"11/12/1972"	"USA"			18
645	"Apollo 17"	"Equipement technique et sanitaire"	"Produit d'hygiène"	"Coupe-ongle"	1	"11/12/1972"	"USA"			19
646	"Apollo 17"	"Equipement technique et sanitaire"	"Produit d'hygiène"	"Savon"	1	"11/12/1972"	"USA"			20
647	"Apollo 17"	"Equipement technique et sanitaire"	"Produit d'hygiène"	"Lingette humide pour le visage"	1	"11/12/1972"	"USA"			21
648	"Apollo 17"	"Equipement technique et sanitaire"	"Produit d'hygiène"	"Pommade"	1	"11/12/1972"	"USA"			22
649	"Apollo 17"	"Equipement technique et sanitaire"	"Produit d'hygiène"	"Brosse pour poussière lunaire"	1	"11/12/1972"	"USA"			16
650	"Apollo 17"	"Equipement technique et sanitaire"	"Produit d'hygiène"	"Bracelet miroir"	2	"11/12/1972"	"USA"			158
651	"Apollo 17"	"Equipement technique et sanitaire"	"Textile"	"Ensemble de serviettes"	1	"11/12/1972"	"USA"			7
652	"Apollo 17"	"Equipement technique et sanitaire"	"Textile"	"Veste (ICG)"	2	"11/12/1972"	"USA"			10
653	"Apollo 17"	"Equipement technique et sanitaire"	"Textile"	"Pantalon (ICG)"	2	"11/12/1972"	"USA"			11
654	"Apollo 17"	"Equipement technique et sanitaire"	"Textile"	"Botte droite (ICG)"	2	"11/12/1972"	"USA"			12
655	"Apollo 17"	"Equipement technique et sanitaire"	"Textile"	"Botte gauche (ICG)"	2	"11/12/1972"	"USA"			13
656	"Apollo 17"	"Equipement technique et sanitaire"	"Textile"	"Serviette, bleu"	2	"11/12/1972"	"USA"			14
657	"Apollo 17"	"Equipement technique et sanitaire"	"Textile"	"Serviette, rouge "	2	"11/12/1972"	"USA"			15
658	"Apollo 17"	"Equipement technique et sanitaire"	"Textile"	"Sous-vêtement"	2	"11/12/1972"	"USA"			155
659	"Apollo 17"	"Equipement technique et sanitaire"	"Transport et stockage"	"Sac pour le transfert d'équipement"	1	"11/12/1972"	"USA"			25
660	"Apollo 17"	"Equipement technique et sanitaire"	"Transport et stockage"	"Etagère provisoire pour le rangement"	1	"11/12/1972"	"USA"			43
661	"Apollo 17"	"Equipement technique et sanitaire"	"Transport et stockage"	"Rangement pour les cartouches de LiOH"	4	"11/12/1972"	"USA"			46
662	"Apollo 17"	"Equipement technique et sanitaire"	"Transport et stockage"	"Rangement de protection pour le LiOH"	4	"11/12/1972"	"USA"			47
663	"Apollo 17"	"Equipement technique et sanitaire"	"Transport et stockage"	"Sac de déchets"	4	"11/12/1972"	"USA"			69
664	"Apollo 17"	"Equipement technique et sanitaire"	"Transport et stockage"	"Rangement pour le casque et la visière LEVA"	1	"11/12/1972"	"USA"			76
665	"Apollo 17"	"Equipement technique et sanitaire"	"Transport et stockage"	"Support de rangement pour la caméra de télévision"	1	"11/12/1972"	"USA"			82
666	"Apollo 17"	"Equipement technique et sanitaire"	"Transport et stockage"	"Lot 1 de palette pour le transport d'équipement"	1	"11/12/1972"	"USA"			101
667	"Apollo 17"	"Equipement technique et sanitaire"	"Transport et stockage"	"Lot 2 de palette pour le transport d'équipement"	1	"11/12/1972"	"USA"			102
668	"Apollo 17"	"Equipement technique et sanitaire"	"Transport et stockage"	"Lot 4 de palette pour le transport d'équipement"	1	"11/12/1972"	"USA"			103
669	"Apollo 17"	"Equipement technique et sanitaire"	"Transport et stockage"	"Rangement pour SLSS Buddy"	1	"11/12/1972"	"USA"			104
670	"Apollo 17"	"Equipement technique et sanitaire"	"Transport et stockage"	"Palette de stockage pour le LRV"	1	"11/12/1972"	"USA"			105
671	"Apollo 17"	"Equipement technique et sanitaire"	"Transport et stockage"	"Palette de stockage Quad 3"	1	"11/12/1972"	"USA"			106
672	"Apollo 17"	"Equipement technique et sanitaire"	"Transport et stockage"	"Courroie d'attache"	1	"11/12/1972"	"USA"			107
673	"Apollo 17"	"Equipement technique et sanitaire"	"Transport et stockage"	"Rangement pour le système 500mm"	1	"11/12/1972"	"USA"			109
674	"Apollo 17"	"Equipement technique et sanitaire"	"Transport et stockage"	"Rangement pour les tiges d'alésage et leurs noyau"	1	"11/12/1972"	"USA"			111
675	"Apollo 17"	"Equipement technique et sanitaire"	"Transport et stockage"	"Couvercle pour le rangement des tiges d'alésage et leurs noyau"	1	"11/12/1972"	"USA"			112
676	"Apollo 17"	"Equipement technique et sanitaire"	"Transport et stockage"	"Dispositif de maintien, bas"	1	"11/12/1972"	"USA"			113
677	"Apollo 17"	"Equipement technique et sanitaire"	"Transport et stockage"	"Dispositif de maintien, haut"	1	"11/12/1972"	"USA"			114
678	"Apollo 17"	"Equipement technique et sanitaire"	"Transport et stockage"	"Couvercle pour le dispositif de maintien"	1	"11/12/1972"	"USA"			115
679	"Apollo 17"	"Equipement technique et sanitaire"	"Transport et stockage"	"Entretoise"	1	"11/12/1972"	"USA"			116
680	"Apollo 17"	"Equipement technique et sanitaire"	"Transport et stockage"	"Entretoise"	1	"11/12/1972"	"USA"			117
681	"Apollo 17"	"Equipement technique et sanitaire"	"Transport et stockage"	"Rangement pour le parasol du GCTA"	1	"11/12/1972"	"USA"			118
682	"Apollo 17"	"Equipement technique et sanitaire"	"Transport et stockage"	"Sangle pour le parasol du GCTA"	1	"11/12/1972"	"USA"			119
683	"Apollo 17"	"Equipement technique et sanitaire"	"Transport et stockage"	"Lot 1 de palette de rangement pour ALSEP"	1	"11/12/1972"	"USA"			124
684	"Apollo 17"	"Equipement technique et sanitaire"	"Transport et stockage"	"Lot 2 de palette de rangement ALSEP"	1	"11/12/1972"	"USA"			128
685	"Apollo 17"	"Equipement technique et sanitaire"	"Transport et stockage"	"Module de transport des charges du LSPE"	1	"11/12/1972"	"USA"			146
686	"Apollo 17"	"Equipement technique et sanitaire"	"Transport et stockage"	"Module de transport des charges du LSPE"	1	"11/12/1972"	"USA"			147
687	"Apollo 17"	"Equipement technique et sanitaire"	"Transport et stockage"	"Sac de stockage pour le LEC"	1	"11/12/1972"	"USA"			154
688	"Apollo 17"	"Objet symbolique"	"Drapeau "	"Drapeau USA et armature en aluminium"		"11/12/1972"	"USA"			6
689	"Apollo 17"	"Objet symbolique"	"Autre"	"Bracelet de montre"	2	"11/12/1972"	"USA"			5
690	"Apollo 15"	"Véhicule spatial"	"Impacteur"	"Sonde orbitale PFS-1"	"Indéterminé"	"05/01/1973"	"USA"	"Satellite d'étude des particule et champs."		1
691	"Luna 21"	"Véhicule spatial"	"Atterrisseur "	"Atterrisseur pour transport d'astromobile Ye-8"	1	"15/01/1973"	"URSS"	"Trace reliant La sonde Luna 21 avec Lunokhod 2. "		
692	"Luna 21"	"Véhicule spatial"	"Astromobile "	"Véhicule lunaire à roue Lunokhod 2"	1	"15/01/1973"	"URSS"	"Trace reliant La sonde Luna 21 avec Lunokhod 2. "		
693	"Luna 23"	"Véhicule spatial"	"Atterrisseur "	"Atterrisseur pour récupération d'échantillon Ye-8-5M"	1	"02/11/1974"	"URSS"	"Dommage lors de l'atterrissage au bras de la foreuse"		
694	"Luna 22"	"Véhicule spatial"	"Impacteur"	"Sonde orbitale lourde Ye-8LS"	"Indéterminé"	"10/11/1974"	"URSS"			
695	"Luna 24 "	"Véhicule spatial"	"Atterrisseur "	"Etage de descente de l'atterrisseur Ye-8-5"	1	"18/08/1976"	"URSS"	"Récupération d'échantillon, forage à 90cm. "		
696	"Explorer 49"	"Véhicule spatial"	"Impacteur"	"Sonde orbitale Radio Astronomy Explorer (RAE-B)"	"Indéterminé"	"30/08/1977"	"USA"			
697	"Hagoromo"	"Véhicule spatial"	"Impacteur"	"Sonde orbitale Hagoromo"	"Indéterminé"	"18/03/1990"	"Japon"	"Sonde envoyé avec la mission MUSES-A, perte de communication lors de la séparation avec Hilten."		
698	"Hilten"	"Véhicule spatial"	"Impacteur"	"Sonde orbitale Hilten"	"Indéterminé"	"10/04/1993"	"Japon"	"Remplace Hagoromo dans le cadre de la mission MUSES-A après son échec de mise en orbite."		
699	"Lunar Prospector"	"Véhicule spatial"	"Impacteur"	"Sonde orbitale Lunar Prospector"	"Indéterminé"	"31/07/1999"	"USA"			
700	"SMART-1"	"Véhicule spatial"	"Impacteur"	"Sonde orbitale SMART-1"	"Indéterminé"	"03/07/2006"	"ESA"			
701	"Chandrayaan 1"	"Véhicule spatial"	"Impacteur"	"Sonde d'impact MPI"	"Indéterminé"	"14/11/2008"	"Inde"	"La sonde orbitale lié a été identifié en orbite en 2017 par la sonde LRO. "		
702	"Ouna"	"Véhicule spatial"	"Impacteur"	"Microsatellite VSTAR"	"Indéterminé"	"12/02/2009"	"Japon"	"Sonde orbitale de la mission SELENE"		
703	"Okina"	"Véhicule spatial"	"Impacteur"	"Microsatellite RSTAR"	"Indéterminé"	"12/02/2009"	"Japon"	"Sonde orbitale de la mission SELENE"		
704	"Chang'e 1"	"Véhicule spatial"	"Impacteur"	"Sonde orbitale Chang'e 1"	"Indéterminé"	"01/03/2009"	"Chine"			
705	"Kaguya"	"Véhicule spatial"	"Impacteur"	"Sonde orbitale Kaguya"	"Indéterminé"	"10/06/2009"	"Japon"	"Lanceur de la mission SELENE"		
706	"LCROSS "	"Véhicule spatial"	"Impacteur"	"Sonde orbitale Shepherding Spacecraft (S-S/C)"	"Indéterminé"	"09/10/2009"	"USA"			
707	"LCROSS "	"Véhicule spatial"	"Impacteur"	"Moteur de propulsion LCROSS Centaur"	"Indéterminé"	"09/10/2009"	"USA"	"Centaur est utilisé comme masse pour que S-S/C puisse analyser les particules propulsés à l'impact."		
708	"LADEE"	"Véhicule spatial"	"Impacteur"	"Sonde orbitale modulaire Lunar Atmosphere and Dust Environment Explorer"	"Indéterminé"	"18/04/2012"	"USA"			
709	"GRAIL"	"Véhicule spatial"	"Impacteur"	"Sonde orbitale GRAIL-A"	"Indéterminé"	"17/12/2012"	"USA"	"Sonde A et B à environ 3km l'une de l'autre"		
710	"GRAIL"	"Véhicule spatial"	"Impacteur"	"Sonde orbitale GRAIL-B"	"Indéterminé"	"17/12/2012"	"USA"	"Sonde A et B à environ 3km l'une de l'autre"		
711	"Chang'e 3"	"Véhicule spatial"	"Atterrisseur "	"Atterrisseur pour transport d'astromobile chang'e 3"	1	"14/12/2013"	"Chine"	"Trace reliant La sonde chang'e 3 avec Yutu. "		
712	"Chang'e 3"	"Véhicule spatial"	"Astromobile "	"Véhicule lunaire à roue Yutu"	1	"14/12/2013"	"Chine"	"Trace reliant La sonde chang'e 3 avec Yutu. "		
713	"Chang'e 4"	"Véhicule spatial"	"Atterrisseur "	"Atterrisseur pour transport d'astromobile chang'e 4"	1	"03/01/2019"	"Chine"	"Trace reliant La sonde chang'e 4 avec Yutu 2. "		
714	"Chang'e 4"	"Véhicule spatial"	"Astromobile "	"Véhicule lunaire à roue Yutu 2"	1	"03/01/2019"	"Chine"	"Trace reliant La sonde chang'e 4 avec Yutu 2. "		
715	"Beresheet"	"Véhicule spatial"	"Impacteur"	"Atterrisseur lunaire non-habité Beresheet"	"Indéterminé"	"11/04/2019"	"Israël"	"Perte de contact, échec de l'atterrissage."		
716	"Longjiang-2"	"Véhicule spatial"	"Impacteur"	"Microsatellite Longjiang 2"	"Indéterminé"	"31/07/2019"	"Chine"	"Sonde envoyé avec la mission Chang'e 4"		
717	"Chandrayaan 2"	"Véhicule spatial"	"Impacteur"	"Atterrisseur Vikram et astromobile Pragyan"	"Indéterminé"	"07/09/2019"	"Inde"	"Perte de contact, échec de l'atterrissage avec les deux véhicules encore ensemble."		
718	"Chang'e 5"	"Véhicule spatial"	"Atterrisseur "	"Atterrisseur pour récupération d'échantillon Chang'e 5"	1	"01/12/2020"	"Chine"	"Récupération d'échantillon, forage à 2m. "		
719	"Chang'e 5-T1"	"Véhicule spatial"	"Impacteur"	"Fusée Longue Marche 3B "	"Indéterminé"	"04/03/2022"	"Chine"	"Impact imprévu avec la Lune."		
720	"Chang'e 5-T1"	"Véhicule spatial"	"Impacteur"	"Sonde 4M (Manfred Memorial Moon Mission)"	"Indéterminé"	"04/03/2022"	"Luxembourg"	"Impact imprévu avec la Lune."		
721	"Hakuto-R M1"	"Véhicule spatial"	"Impacteur"	"Atterrisseur lunaire Hakuto-R et deux astromobile  "	"Indéterminé"	"25/04/2023"	"Japon"	"Panne de carburant qui a causé l'échec d'allunissage. "		
